model_id,split,count,mean,std,min,max,p01,p05,p25,p50,p75,p95,p99
BLOG001,train,104573,0.06699626098514913,0.07464371006694297,0.0140094940372817,0.3627746660922017,0.0140094940372817,0.0140094940372817,0.0221018418201516,0.0347959969207082,0.1048278713946035,0.184598776538323,0.3627746660922017
BLOG001,validation,44817,0.06716359258703697,0.07489743163353992,0.0140094940372817,0.3627746660922017,0.0140094940372817,0.0140094940372817,0.0140094940372817,0.0347959969207082,0.1048278713946035,0.184598776538323,0.3627746660922017
BLOG002,train,104573,0.06699626098514909,0.10440770771370922,0.0133531493778671,0.7795412609570519,0.0133531493778671,0.0133531493778671,0.0206886082839079,0.031541492355901,0.0856711535822705,0.2221058587952178,0.6109292099186522
BLOG002,validation,44817,0.0672016159593133,0.10449599378028389,0.0133531493778671,0.7795412609570519,0.0133531493778671,0.0133531493778671,0.0206886082839079,0.031541492355901,0.0856711535822705,0.2221058587952178,0.6109292099186522
BLOG003,train,104573,0.06699626098514908,0.11244737953559314,0.0119841202090803,0.8689601267021568,0.0119841202090803,0.0119841202090803,0.0179221596504773,0.0256193382592646,0.0633218366594874,0.2858983449525352,0.6565457594772441
BLOG003,validation,44817,0.06728958689305113,0.1130946544388674,0.0119841202090803,0.8689601267021568,0.0119841202090803,0.0119841202090803,0.0179221596504773,0.0256193382592646,0.0633218366594874,0.28933509958542375,0.6610036363381432
BLOG004,train,104573,0.06699626098514909,0.115996482726968,0.0118636747292065,0.910621754375722,0.0118636747292065,0.0118636747292065,0.0177327175179894,0.0251241132045973,0.0606939441205227,0.2518608864990668,0.6753594182921833
BLOG004,validation,44817,0.06732759725408245,0.11703422705348675,0.0118636747292065,0.910621754375722,0.0118636747292065,0.0118636747292065,0.0177327175179894,0.0251241132045973,0.0637145098529086,0.2518608864990668,0.6929142798071325
BLOG005,train,104573,0.06699626098514909,0.11659770775142034,0.0090336928028422,0.9201844113180492,0.0090336928028422,0.0090336928028422,0.0148418821326844,0.0262846838554488,0.0663223771071728,0.2763028729168881,0.675673911645979
BLOG005,validation,44817,0.06722307018743959,0.11730092496726137,0.0090336928028422,0.9201844113180492,0.0090336928028422,0.0090336928028422,0.0148418821326844,0.0262846838554488,0.0663223771071728,0.2796538254141835,0.6885186273432798
BNB001,train,104573,0.10678182321057991,0.25809332680286495,4.2189458228834704e-05,0.999999,9.571736544998027e-05,0.0001916357809114,0.0008620436197215,0.0039795834222446,0.0325261874478287,0.93253681990772,0.9998577160867737
BNB001,validation,44817,0.10691590576276469,0.2584261857308037,4.2189458228834704e-05,0.999999,9.571736544998027e-05,0.0001895519519847,0.0008671887244265,0.0039887486376174,0.032337347843019,0.9357510175831687,0.9998770072301381
BNB002,train,104573,0.2305140455871025,0.32755238003983295,0.0005872188513389,0.999999,0.0013313325517713,0.0026621648714057,0.011872700177197,0.0527090948687849,0.3188915586997166,0.9948320563044116,0.9999897816601447
BNB002,validation,44817,0.23053630086659144,0.3273834475862619,0.0005872188513389,0.999999,0.0013313325517713,0.0026332875033248,0.011942776830401,0.0528245350010645,0.3175859081595847,0.9950938899031292,0.9999911672416761
BNB003,train,104573,0.10678050729363846,0.2580919934227587,4.220828927492383e-05,0.999999,9.572432007918085e-05,0.0001916585417062,0.000862081580349,0.0039792913810665,0.0325227047696495,0.9325367251648684,0.9998577171646653
BNB003,validation,44817,0.106914604509974,0.25842487046831264,4.220828927492383e-05,0.999999,9.572432007918085e-05,0.0001895708288149,0.0008672256710286,0.0039888195369891,0.0323395366675841,0.9357486784820729,0.9998769846981456
BNB004,train,104573,0.2305118864763963,0.3275503960918284,0.0005874808105076,0.999999,0.0013314291641447,0.0026624802782933,0.011873217237113,0.0527054160472211,0.3188675198315224,0.9948320485619122,0.9999897817375654
BNB004,validation,44817,0.2305341293375845,0.3273815155905566,0.0005874808105076,0.999999,0.0013314291641447,0.0026335491023849,0.0119432800121362,0.0528254279100993,0.3176010675982889,0.9950937000128719,0.9999911656233516
BNB005,train,104573,0.10677886223227341,0.2580903265275378,4.223183195381917e-05,0.999999,9.573301196666767e-05,0.0001916869899945,0.0008621290173773,0.0039789263484024,0.0325183519699726,0.9325366061353086,0.9998577185101587
BNB005,validation,44817,0.10691297777773466,0.2584232262298532,4.223183195381917e-05,0.999999,9.573301196666767e-05,0.0001895944204882,0.0008672718428777,0.0039889080929622,0.0323422722701355,0.9357457539466227,0.9998769565304928
BNB006,train,104573,0.23050918688874844,0.32754791619121065,0.0005878083131428,0.999999,0.0013315499101522,0.0026628744991552,0.0118738633739318,0.0527008177200536,0.3188374728866622,0.9948320388346718,0.9999897818342094
BNB006,validation,44817,0.2305314142289877,0.32737910062822106,0.0005878083131428,0.999999,0.0013315499101522,0.0026338760405479,0.0119439088333312,0.0528265431847702,0.3176200130808769,0.9950934625935379,0.9999911636002539
BNB007,train,104573,0.10677392594768922,0.25808532470854456,4.230248578737262e-05,0.999999,9.575907830267512e-05,0.0001917723168199,0.0008622712367703,0.0039778313758421,0.032505297223815,0.9325362450410436,0.9998577225341917
BNB007,validation,44817,0.10690809647343055,0.2584182924460161,4.230248578737262e-05,0.999999,9.575907830267512e-05,0.0001896651664114,0.0008674102824144,0.0039891733060793,0.0323469747487652,0.9357369759467437,0.9998768720097682
BNB008,train,104573,0.23050108346656475,0.3275404767188136,0.0005887911787128,0.999999,0.0013319120184508,0.0026640569100246,0.0118758005307611,0.0526870240710334,0.3187473429894665,0.9948320093255888,0.9999897821232392
BNB008,validation,44817,0.23052326425684774,0.3273718559567503,0.0005887911787128,0.999999,0.0013319120184508,0.0026348564506152,0.0119457942572679,0.0528298832664771,0.3176525780040066,0.9950927499587823,0.9999911575296808
BNB009,train,104573,0.1067656951431776,0.25807698456948225,4.242032809304844e-05,0.999999,9.580249110975738e-05,0.0001919144680337,0.0008625079635466,0.0039760068399287,0.0324835514849236,0.9325356298717916,0.9998577291994457
BNB009,validation,44817,0.10689995727898613,0.25841006591445775,4.242032809304844e-05,0.999999,9.580249110975738e-05,0.0001897829792904,0.0008676407616855,0.0039896138128212,0.0323259398099374,0.9357223313038996,0.9998767310826238
BNB010,train,104573,0.2304875622478896,0.3275280783643786,0.0005904304791875,0.999999,0.0013325150998968,0.00266602675534,0.0118790249480524,0.0526640391011322,0.3185971629614208,0.9948319590531328,0.9999897826019775
BNB010,validation,44817,0.2305096654981539,0.32735978222419665,0.0005904304791875,0.999999,0.0013325150998968,0.0026364891192762,0.0119489331661069,0.0528354309398458,0.317506888205934,0.9950915609784293,0.999991147407804
BNB011,train,104573,0.1067492198314953,0.25806029016626914,4.265633434222952e-05,0.999999,9.588920016486932e-05,0.0001921985446286,0.0008629802720141,0.0039745625791784,0.0324401056132752,0.9325380601913765,0.9998577423746455
BNB011,validation,44817,0.10688366509787951,0.2583935995299575,4.265633434222952e-05,0.999999,9.588920016486932e-05,0.000190018241296,0.0008681007709792,0.0039904891512545,0.0322839132618888,0.9356929871223044,0.9998764490055826
BNB012,train,104573,0.23046046174716303,0.327503284539137,0.000593713539422,0.999999,0.0013337196415518,0.0026699632948828,0.011885458127305,0.0526458439953313,0.3182969397274368,0.9948321576600889,0.9999897835483014
BNB012,validation,44817,0.23048241008157952,0.32733563746946254,0.000593713539422,0.999999,0.0013337196415518,0.0026397494008217,0.0119551980006247,0.0528464546375732,0.3172156413039546,0.995089178309167,0.9999911271480436
BNB013,train,104573,0.10671621467279113,0.2580268450732621,4.312962912031431e-05,0.999999,9.606215215294636e-05,0.0001927430726534,0.0008639203141397,0.0039717322019746,0.0323533960108286,0.9326334667992145,0.9998577681053833
BNB013,validation,44817,0.1068510258378751,0.25836061365296464,4.312962912031431e-05,0.999999,9.606215215294636e-05,0.0001904873100929,0.0008690169971563,0.0039897063056265,0.0322157279165144,0.9355956814977976,0.9998758839568229
BNB014,train,104573,0.23040602940632302,0.32745370850232397,0.0006002974372291,0.999999,0.0013361222415492,0.0026775089119403,0.0118982619424575,0.0526101844239653,0.3176970410885061,0.9948399536413165,0.9999897853964413
BNB014,validation,44817,0.23042766858135771,0.3272873588842732,0.0006002974372291,0.999999,0.0013361222415492,0.0026462497383866,0.0119676758015781,0.0528365957722127,0.3167426368535767,0.9950812752968412,0.9999910865642291
BNB015,train,104573,0.10661676849547375,0.257926063823178,4.45596836407537e-05,0.999999,9.657728157748588e-05,0.0001928008706264,0.0008667039562693,0.0039809230491659,0.0322287934411362,0.9324882765592037,0.9998575683759167
BNB015,validation,44817,0.10675267437719148,0.2582612347635453,4.45596836407537e-05,0.999999,9.657728157748588e-05,0.0001924048161014,0.0008726238807201,0.0039885737557534,0.0321201367357056,0.9349948665879164,0.9998741815780322
BNB016,train,104573,0.23024090028701075,0.32730507488971045,0.0006201901166842,0.999999,0.0013432782099399,0.0026783098220205,0.0119361746506136,0.0527259697135575,0.3168333185033204,0.9948280890325754,0.9999897710506718
BNB016,validation,44817,0.23026161766953332,0.3271426121797122,0.0006201901166842,0.999999,0.0013432782099399,0.0026728216460813,0.0120167939934536,0.0528223325264229,0.3160785250614932,0.9950324431021554,0.9999909642930528
BNB017,train,104573,0.10644962536200303,0.2577566363480957,4.697641922286147e-05,0.999999,9.742342626577933e-05,0.0001928680942011,0.0008712225130559,0.003966556880624,0.0321772321089649,0.9321270520974559,0.99985615792947
BNB017,validation,44817,0.10658734539113464,0.2580942225161236,4.697641922286147e-05,0.999999,9.742342626577933e-05,0.0001928680942011,0.0008715923143795,0.003974404368403,0.0321060010886592,0.9340216770638711,0.9998718397959787
BNB018,train,104573,0.2299596998172086,0.3270576772907169,0.0006538062876123,0.999999,0.0013550323011347,0.002679241341743,0.0119977108419998,0.0525449747737548,0.3164753298281953,0.9947985559251451,0.9999896697437364
BNB018,validation,44817,0.2299789017143304,0.3269016749671533,0.0006538062876123,0.999999,0.0013550323011347,0.002679241341743,0.0120027466851241,0.0526438507828777,0.3159802203890314,0.9949532223514106,0.9999907960969034
CAT001,train,104573,0.06695081337996035,0.11633079861080374,0.0050509810896722,0.9286719834320796,0.006319266015109648,0.0071496311752516,0.0115111880011642,0.0212628224279559,0.0648131207452114,0.3197361415637668,0.6119637521485862
CAT001,validation,44817,0.06711496938053269,0.11638989157637043,0.0052726172864317,0.8936616367923026,0.00630565085193002,0.0071744147119769,0.0115209290924261,0.0212574961812202,0.0651494374649417,0.3220522817564391,0.6076911882212173
CAT002,train,104573,0.06694065755131563,0.11676551293542303,0.0038110229121379,0.9273091713581582,0.005394335632364252,0.00635094264418178,0.0109195285182342,0.0214665640273962,0.0644207727760512,0.3241745893491595,0.6084367528095996
CAT002,validation,44817,0.06712243299630376,0.11678329643682203,0.0039107210056367,0.9273956974963912,0.005376454575778368,0.00637765102269254,0.010911043940411,0.0213832952182766,0.0646201611655218,0.32583285360311437,0.6065436924124881
CAT003,train,104573,0.06694604272914151,0.11602789148187072,0.0049546106347867,0.9183888586594596,0.0061705077831980685,0.00704364292621878,0.0115364742764661,0.0213547932774836,0.0647813621124612,0.321476462432061,0.607896074896053
CAT003,validation,44817,0.06716042558430455,0.11622386296401803,0.0052143689361996,0.8979680515962231,0.006141322712801892,0.00704925955769732,0.0115208101162309,0.0213756839304831,0.0649427877193732,0.32319646257908813,0.6039375884310934
CAT004,train,104573,0.0669352267498348,0.115605500062652,0.0052915475938915,0.891228053428703,0.006399188315889048,0.00722854365435272,0.0117679111392373,0.0214221545675498,0.0649665655523357,0.3203171817959341,0.6085928801442456
CAT004,validation,44817,0.06712323845176231,0.11575229278944127,0.0053177986726391,0.8833099510107412,0.006378345055772532,0.00723816535467256,0.0117730325650426,0.0213889469856136,0.0652149248585094,0.3218574931367943,0.6046031019674398
EASTACK001,train,104573,0.08694445968769286,0.13899820011478803,0.003579664449841,0.8971987007564111,0.0052781428476041965,0.00625992481355536,0.0109945233629238,0.0238000531399235,0.093403050574471,0.4275561698069511,0.6345694400613469
EASTACK001,validation,44817,0.08709910572928906,0.13909141024453514,0.003529930612903,0.8929250605397054,0.0052436313967405635,0.0062407402618404806,0.0109648669301659,0.0236930828104084,0.0935330503527421,0.428142298315353,0.63349706590665
ET001,train,104573,0.06699626098514909,0.05277864515968402,0.0165861199176716,0.5531896329680657,0.018788483955331444,0.02302074171184538,0.0314726602834286,0.0435061633554862,0.0888087179139769,0.166832304828379,0.2321361635083586
ET001,validation,44817,0.06711610972429316,0.05308793266845915,0.0166085697494206,0.5528796030005872,0.018821215608741438,0.02299668200548726,0.0314171435089587,0.0435181319586023,0.0897463329104273,0.16624743614357954,0.23018767290156056
ET002,train,104573,0.06699626098514908,0.06283159272219614,0.0107271813053371,0.559837608106895,0.014007256315063632,0.017072858798617557,0.0249818003162713,0.0381411857618643,0.0914707088444494,0.19123188945014272,0.28099765526463066
ET002,validation,44817,0.06715105794443023,0.06305861867079217,0.0107638895527791,0.5592277303676243,0.014012929730549488,0.01706894035284992,0.0249670524989939,0.0381265026712706,0.0928820111370045,0.19063259225957233,0.27921835750675017
ET003,train,104573,0.06699626098514909,0.06952966240661232,0.007180404818914,0.5610481644893733,0.011459458647025524,0.013645465521632061,0.0216105559502364,0.0359132722883384,0.0909472423434301,0.2109947831957366,0.3221518508503758
ET003,validation,44817,0.06707993095821854,0.06953569024350531,0.0072833794105546,0.5617018565666346,0.01142033193949734,0.01365220380735746,0.0215506759233556,0.0358848963431117,0.0923285748304036,0.21028121193481705,0.31922864974444903
ET004,train,104573,0.06699626098514909,0.05242943820611686,0.0156704238239494,0.2868499231990819,0.016810247436992484,0.020244774321346522,0.0290845371334092,0.0427537051834673,0.0917154460327099,0.17571992592013938,0.21464524651152744
ET004,validation,44817,0.06705567016585377,0.05231928811994483,0.0157627581890399,0.2881217554419928,0.0168454078795015,0.02027255490606052,0.0290789164682209,0.0427651762397405,0.0928629421397773,0.17528763559014024,0.21276047324559624
ET005,train,104573,0.3702851952380082,0.2214831013222492,0.0848904883258977,0.9410906821863264,0.0999012435669116,0.12442900471957953,0.1876766668092612,0.2889793926765866,0.5509459704656628,0.7718577464057744,0.8518513747720903
ET005,validation,44817,0.3706417943264847,0.2217700936796433,0.0861096319974385,0.941020298631916,0.09978643339871976,0.1248297745670607,0.187864841254616,0.2884242609793672,0.5550019639605761,0.7696835282396659,0.8503453331321269
GB001,train,104573,0.06720527099455524,0.11542378235148824,0.0043003209314669,0.8353821287155775,0.0053380582825467,0.006233516873978,0.0102639356875078,0.022065898949044,0.0649076558943417,0.33289796095806284,0.5957605734621514
GB001,validation,44817,0.06733264620139116,0.11550392589471821,0.0043345331375898,0.8347908676857076,0.005317414544995872,0.006233516873978,0.0102436020541213,0.0220098324931056,0.0647814271504683,0.33502419766660424,0.5897456881917567
GB002,train,104573,0.06721249051930081,0.11588405366659987,0.0036863036696935,0.8105866372507373,0.0045181742578453,0.0055385250756528,0.0097141358335299,0.0221808819488376,0.0638703621188812,0.33035709736780977,0.5917372259776392
GB002,validation,44817,0.06733946519665568,0.11601222126603693,0.0035419032672324,0.8268499027097891,0.0045008825623941,0.00551985042382082,0.0096968466374635,0.0221580019786666,0.0642299506937585,0.3324163573542086,0.5860437425731497
GB003,train,104573,0.06720070956622169,0.11582831582123501,0.0033678546102475,0.8219129104357238,0.00474688399077834,0.0058163999175945,0.0099526290843508,0.0220475375446846,0.0647753802607023,0.33548704735868623,0.6011578498650274
GB003,validation,44817,0.06734248477045358,0.11597527152747689,0.0033754656303799,0.8056665606550193,0.0047535543757702085,0.0058134832483964,0.009946607378435,0.0220797309622424,0.0649050310801761,0.3370439615093073,0.5984473494358663
GB004,train,104573,0.06718390319010961,0.11504542136729044,0.004388548297807,0.7886631976237263,0.0053137118122379,0.0063250332888559,0.0102596972625571,0.0221175909007029,0.0651715812608386,0.3351392915702723,0.5965223612668819
GB004,validation,44817,0.06735692221627433,0.115211736906815,0.004388548297807,0.782100368786025,0.0052892777451155,0.0063222292207765,0.010252971205616,0.0221791369366956,0.0652916091754763,0.3364114462682192,0.5970426979325877
GNB001,train,104573,0.025406347588823527,0.10326659384622836,1e-06,0.999999,1e-06,1e-06,3.0384867755410255e-05,0.0002789615461309,0.0031554957990937,0.13641763671903073,0.576619655057086
GNB001,validation,44817,0.025047450306023573,0.10423396414612647,1e-06,0.999999,1e-06,1e-06,3.081179505287845e-05,0.0002826791947347,0.0032942116350946,0.12923280186310884,0.604704870027008
GNB007,train,104573,0.025924105801414188,0.09482685159290961,1e-06,0.999999,3.400023821483317e-06,2.6639250755793432e-05,0.0001984617534268,0.0004791209259976,0.0061068306488481,0.1244121493150862,0.4597195199425467
GNB007,validation,44817,0.026100680983342645,0.09596664124861948,1e-06,0.999999,3.329593956541525e-06,2.6220839615832422e-05,0.0001992718562405,0.0004797843775643,0.0063246007366208,0.1237584755421542,0.490535800381194
GNB008,train,104573,0.04998649925246578,0.13283999027620172,1e-06,0.999999,1e-06,2.1490672403557363e-05,0.0004328162219655,0.0012051086576325,0.0152848383247525,0.2906093305904365,0.773027000593631
GNB008,validation,44817,0.04972982988968059,0.13322304717666644,1e-06,0.999999,1e-06,2.1269516487111664e-05,0.0004375153398288,0.0012144524770758,0.0155515569681632,0.28582025290437807,0.7934002602060222
GNB009,train,104573,0.02434958941220163,0.09825271635055365,1e-06,0.999999,1e-06,1e-06,6.59137454385979e-05,0.0003169582141963,0.0037299008648474,0.12311248691680958,0.52369255553448
GNB009,validation,44817,0.024362536587693804,0.1001892981800214,1e-06,0.999999,1e-06,1e-06,6.696030932082154e-05,0.000317611196781,0.0038793834303814,0.11967874890680819,0.5827371927515614
GNB010,train,104573,0.02113906283382441,0.09524523078322797,1e-06,0.999999,1e-06,1e-06,4.5595690411529216e-05,0.0002230333753421,0.0026004130258115,0.10120746312266318,0.4612075825791859
GNB010,validation,44817,0.021223164186926196,0.0973345419553874,1e-06,0.999999,1e-06,1e-06,4.626415939612185e-05,0.0002208513038772,0.0026941003122501,0.09756390676329746,0.5223331327053887
LASSOSTACK001,train,104573,0.06709188998552569,0.12396577650325999,0.0168166568075494,0.973705845656322,0.01724555048981958,0.01745161471083962,0.0182732809519728,0.0211917657034344,0.0440772004115951,0.3231276211849441,0.6812784382288639
LASSOSTACK001,validation,44817,0.06724217103051448,0.12400702336204987,0.0168687815310085,0.9529354858008762,0.01725595971045357,0.01745647563907194,0.0182824350121987,0.0211836786056708,0.0440056039112746,0.3233399609924162,0.6787328940984989
LGB001,train,104573,0.06699058025615937,0.11735470521639972,0.0015490902388095,0.9017082056311976,0.003389757164036924,0.00480512705239272,0.0094139702453654,0.0216614858814828,0.0643380423869629,0.3325602613923574,0.6092133904057487
LGB001,validation,44817,0.06715475583442279,0.11744508299109178,0.0016991110872193,0.8694645996273666,0.003383590184073324,0.00481159672195896,0.0094039983678566,0.0217303451232069,0.0641039253213668,0.3346498023740387,0.5971647639128153
LGB002,train,104573,0.06697740444362571,0.11886692418794409,0.0009253612874504,0.8839955716570381,0.002310348654197988,0.00370810802598176,0.0084904283973347,0.0211067385506741,0.0632728983878056,0.33370426002785275,0.6134342059060797
LGB002,validation,44817,0.06696334116524863,0.1182904283251748,0.0009543687177111,0.8574754808300165,0.002280041284345724,0.00373084418060664,0.0084826725774563,0.0212851017307282,0.0633950033837527,0.3357923180438597,0.601833620942189
LGB003,train,104573,0.06697713428741049,0.11729545432019853,0.0017203566865335,0.9212258939248388,0.00322528792810276,0.00457197042601864,0.0092250064330076,0.0215401794418713,0.0643409984121048,0.3325505332400452,0.6091869826235581
LGB003,validation,44817,0.06717749000985436,0.11743929804023859,0.0015698930019503,0.8545782262882609,0.0032389486699857,0.00457022640426594,0.0092266630881269,0.0216344551746397,0.0643985938072692,0.3325838354665273,0.6025343453285937
LGB004,train,104573,0.06695886170262258,0.11684707540197234,0.0016530725671694,0.9093676087585952,0.003156898811965504,0.00443674211457162,0.0091203009287432,0.0215800063763704,0.0651287555700234,0.33135388229173673,0.6064611452485168
LGB004,validation,44817,0.06718944947304857,0.11717959620402194,0.0016256947577207,0.8327443432318923,0.0031711915361487043,0.0044496677396276005,0.0091020812882857,0.0216207774113512,0.0649625580618337,0.33278823511792294,0.6005178089365312
LRSTACK001,train,104573,0.06703594540715856,0.1244831830871523,0.0131094588006307,0.9809348005668828,0.016715881219631266,0.0169438068893335,0.0178277955451191,0.0208520050644441,0.0441859817807271,0.3249516959993111,0.6828837207840215
LRSTACK001,validation,44817,0.06718651937225659,0.12449994993802181,0.0129761641988436,0.9606299558835768,0.01672247698921045,0.016946552551664742,0.0178347970104798,0.0208367082985577,0.0442783060542114,0.32580882770383235,0.6788917190031053
NN001,train,104573,0.06348816306779766,0.11246153050158768,1e-06,0.9923912194276784,0.005592067200838616,0.0068998077551966006,0.0105731227675887,0.02045998503801,0.0607253869482625,0.29856493800706296,0.5974181973321888
NN001,validation,44817,0.0637576035357359,0.11319627910085886,1e-06,0.9292261910824384,0.005583729513315444,0.00691315387739996,0.0104812821200105,0.0203998264892418,0.0609194830466013,0.302636004835204,0.5979095735286697
NN002,train,104573,0.06561651757712661,0.10883553172117393,1e-06,0.8602210989347095,0.0047471001370453444,0.00614212747172436,0.0127732178330239,0.0239604858535373,0.0655001137334556,0.2965806873485684,0.5799977618128048
NN002,validation,44817,0.06586219448690392,0.10870320168762843,1e-06,0.7832887592152559,0.004764034892616156,0.00618851727104544,0.0127551979853944,0.0239842391314772,0.0662230810131799,0.30086126607157493,0.5741290152504753
NN003,train,104573,0.06817665197253504,0.12169420190393226,1e-06,0.8962679124164419,0.004409019783184544,0.00587801825062418,0.0090234342189861,0.0194066819833767,0.0647577673066114,0.35274835982799196,0.6206881135006705
NN003,validation,44817,0.0683501394737332,0.12189064519897191,0.0002641593089667,0.8966500106937058,0.004433250023799,0.00587296237918532,0.0089904479589099,0.0192960492424454,0.0646629141180083,0.3589473995857081,0.6137364801679024
NN004,train,104573,0.06687881133540514,0.11326119045640604,0.001546407472321,0.835777172973087,0.0047183036472130836,0.00634176661515506,0.0113545686927197,0.0223458346876703,0.0683029062789435,0.31662840453893937,0.5874819131241319
NN004,validation,44817,0.06714046298035485,0.11337726654536648,0.0014440416207742,0.80094396634847,0.004706117710819288,0.006326999838619621,0.0112716276793234,0.0222044474838878,0.0686634313502953,0.3213860921423953,0.5854847727663971
NN005,train,104573,0.06741037116119351,0.09984961775437445,1e-06,0.9840812094551188,0.002477457572853728,0.00535270179409028,0.0135287305595321,0.0277548709752306,0.0826843222572677,0.24902456056764197,0.5337877001801947
NN005,validation,44817,0.06776061691647542,0.10038819391681715,1e-06,0.9841235346392752,0.0024303152827922963,0.00542135253846252,0.0135151552769883,0.0281607742489371,0.0839742888907037,0.2490576636821005,0.5274319484210154
NN006,train,104573,0.06520172360522578,0.11297513805892767,1e-06,0.9945728240098566,0.004553926366905628,0.0063719628222502,0.0112816948482151,0.0218062283624534,0.0637534049361097,0.30217095965293034,0.5953284441607843
NN006,validation,44817,0.06548437651792682,0.11358904016783977,1e-06,0.9339881627308628,0.004566112143762508,0.00636613806784836,0.011215919853872,0.0216623272152702,0.0641332105774373,0.30508331256685856,0.5952729716209272
NN007,train,104573,0.06547241937142888,0.11372766772060085,1e-06,0.995616871281314,0.0046824504819621485,0.00587735521756238,0.0096582074315205,0.0200124204249349,0.0642360106615643,0.3236364270794262,0.5866385063702029
NN007,validation,44817,0.06554387076880211,0.11363556167523364,0.000134373912191,0.9320945496233234,0.004729024522315736,0.005898859664650461,0.0096349010978482,0.0199766786443951,0.0644359064389664,0.3247950568700663,0.5792814750044465
NN008,train,104573,0.05857709250851035,0.10719592225351297,1e-06,0.9817993068643937,0.003723245118841392,0.004994023887794401,0.0079156683480355,0.0162901150924742,0.0557552647686345,0.2903627245643887,0.5623373429360019
NN008,validation,44817,0.05868337253041802,0.10698746261323169,2.624029691862605e-06,0.948504818801413,0.003723786401271352,0.0050260614429144404,0.0079175519314268,0.0163231684045773,0.0560279776385736,0.293615464353842,0.5540746402108014
NN009,train,104573,0.06700372211030681,0.11436505332758432,1e-06,0.9520989490174384,0.002839244538846668,0.00414872998684836,0.0086259855349016,0.0216664153047337,0.069481074310341,0.3229069840446394,0.5888354634300162
NN009,validation,44817,0.06736127156320325,0.11466753909069097,9.537847346286114e-05,0.8786601201524186,0.002822160133061692,0.00414979191860094,0.0086402123940684,0.0216510633053351,0.0696931544288956,0.32541798113560516,0.5835679018365342
NN010,train,104573,0.07556808338578973,0.11816714820799433,0.0046073838314483,0.7668195106345183,0.007582741549807112,0.00916370651261578,0.0149075204822442,0.0287693647110393,0.0749553885698613,0.3585929777285763,0.591350748681654
NN010,validation,44817,0.07613859924826386,0.11910510521548688,0.0048468503314611,0.6973491195270901,0.007563874437557504,0.00916733136712592,0.0147965256905391,0.028791560340442,0.0753552404803842,0.3642716922003701,0.5924063220170476
NN011,train,104573,0.06607543805941755,0.10863977532209085,1e-06,0.8491690096377222,0.004741852048264452,0.00616559466369746,0.0130676905803979,0.0244496013987989,0.0662206547061927,0.2970091242660036,0.5780140169500931
NN011,validation,44817,0.06630275685180909,0.10845682929107318,1e-06,0.7820728973471879,0.004760654553871448,0.0062095346118089005,0.0130659842350745,0.0244605326025581,0.0668960507325028,0.3005728790154124,0.5749045233790848
NN012,train,104573,0.07132211850879056,0.1190771332728138,1e-06,0.8986612769071702,0.005438510652293116,0.00678680473415312,0.0122661221077266,0.0248000314546874,0.0722624359795059,0.3240659511221509,0.6283952026424532
NN012,validation,44817,0.07159380364770226,0.11907503694502912,1e-06,0.8945373752848558,0.005415808242071636,0.006769223273318281,0.0122598684988197,0.0247415219909048,0.0731148295212309,0.32703429047843385,0.6297021582921604
NN013,train,104573,0.06491076700210158,0.11084774756090254,1e-06,0.9184275375439572,0.005690799461625896,0.00722580894552864,0.0120384873192932,0.0225093357073581,0.0633651326520535,0.29906994890895916,0.5929210665464294
NN013,validation,44817,0.06517737912962253,0.1108334282769911,1e-06,0.8783370538210115,0.005747343841343972,0.00723922390523324,0.0119912078637257,0.0224488313422189,0.0638595297094224,0.30359878880267077,0.591061119968708
NN014,train,104573,0.06586132519999499,0.11190095797350065,0.0058596838832648,0.8898823195325609,0.0070121726903074,0.00741326817439916,0.011314424103852,0.0215755096174763,0.0674812158679832,0.3145480141861843,0.5877441428780402
NN014,validation,44817,0.06601411290944126,0.11195284887683316,0.0057565726819741,0.8535634497219386,0.00700963135067198,0.0074160152166603596,0.0112581320371988,0.0214981141292693,0.0673876893404407,0.31919300588582256,0.5819577542795948
NN015,train,104573,0.0719681392554618,0.11827523392716692,0.0066222747789186,0.8713677496267526,0.0067117629689285,0.00716740959737028,0.0118819194976422,0.0237583953779056,0.0743313316224077,0.3553499330881585,0.603788037089233
NN015,validation,44817,0.07217882262005229,0.11842966835313347,0.0066222747789186,0.8291388716325863,0.0067233505030345475,0.00717677010492046,0.0118544368849191,0.0236847934214222,0.0744150381206632,0.3598263210706251,0.6032312819712353
NN016,train,104573,0.07134751980014818,0.11738318556921265,0.0028616791517946,0.8878446352800935,0.006398187449124572,0.00830290486096724,0.0139684855115886,0.0250560028320656,0.0738280574720216,0.3158179907094064,0.6177244310318646
NN016,validation,44817,0.0717026047749741,0.11777115019800068,0.0025273740445707,0.870713212520268,0.0063857837614832,0.008305145486912779,0.0138790325970667,0.0250747641461273,0.0743552199408821,0.3212644031032041,0.6204344408508907
NN017,train,104573,0.06581151194021564,0.11009885658268723,0.0019855080516518,0.9372700669071968,0.0030968916374356,0.0038665932131852,0.0102608561135571,0.0233984786601999,0.0703945141396193,0.2985723060096548,0.5843857526244361
NN017,validation,44817,0.06614290088605493,0.11063069711568549,0.001866354467595,0.936474486793672,0.0031166165586398523,0.0038984636440293203,0.0102652871782669,0.0233077552377209,0.070463474524692,0.3022218289670224,0.5794785011083123
NN018,train,104573,0.06436483779928466,0.1138345087251322,0.0016023797687757,0.9853106733712216,0.003498032393546,0.004926998228452,0.0091628607287308,0.0201416508505517,0.0622248677080841,0.3132073598050462,0.5939685340018273
NN018,validation,44817,0.0645750204269686,0.1137503651781233,0.0015838392445349,0.8654137773634578,0.003499142758260912,0.004927773899403879,0.0091414369912137,0.0199755194393719,0.0625764856406481,0.3193657657213748,0.5872151565714326
NN019,train,104573,0.07122232541930167,0.11830857004723162,0.0026281546556544,0.944736813635538,0.005853136437247636,0.00720642819665194,0.0112903599662305,0.0230444836466721,0.0726231856596802,0.3394578527123624,0.6002007174381236
NN019,validation,44817,0.07158401669505596,0.11880363598109174,0.002071711224644,0.9420368533788684,0.005800868391750704,0.00718737656293234,0.0112097471759427,0.0229832958200459,0.0730309830763678,0.34384397408553646,0.5965029292092952
NNSTACK001,train,104573,0.06522335688582173,0.12257343262909307,0.0092179692904726,0.9682400782013872,0.01504562352312412,0.01528253765330642,0.0162393304005736,0.0193568126615472,0.0444421264242603,0.30120536116172864,0.6862552103004275
NNSTACK001,validation,44817,0.06530289275342101,0.12227895247422645,0.0092763966574753,0.9634262446362786,0.01504659746564566,0.01528406673666938,0.0162424564832943,0.0193487310484608,0.044631043058979,0.3020874763766525,0.6780278869303394
RASTACK001,train,104573,0.5000047813489141,0.27605533408715177,0.0098657158157459,0.9969022835722414,0.036326609162976975,0.07838770523940211,0.2656027368441184,0.4889371539498723,0.7417850448968663,0.9329749313876431,0.9828323754697674
RASTACK001,validation,44817,0.5000111564807997,0.2760996544562951,0.0128745788428498,0.9968943146573844,0.03556334649798058,0.07728428944373784,0.2650431197982908,0.4899312760782738,0.7420063815070175,0.9323610460316397,0.9820215543209047
RF001,train,104573,0.06700782380923,0.09356267126400392,0.0119967769260094,0.662281498396256,0.0124094087007527,0.0128932450277977,0.0171599512537027,0.0254313060935597,0.0785442345200884,0.28727081500942225,0.4886292674278121
RF001,validation,44817,0.06724415018370326,0.09387592937309389,0.0119967769260094,0.6543804103222854,0.0124094087007527,0.01290928036321214,0.0170899414418276,0.0254329846954207,0.0793109970188455,0.28908544408340653,0.49309379189280395
RF002,train,104573,0.06696788520487458,0.10065312617778968,0.0071428068067317,0.6951387117796544,0.0078362706055167,0.00846003796272756,0.0150698039456134,0.0237988161609761,0.0768242049931281,0.30273859644495454,0.5173186994609738
RF002,validation,44817,0.06714525682775095,0.10077411568981622,0.0071556266536567,0.6845009651195159,0.007835325096736076,0.0084617912453183,0.0149694855667831,0.023848888566968,0.0781320128750423,0.3059948097411534,0.5181470894422282
RF003,train,104573,0.06695698581832107,0.10388455267596511,0.0036414989767769,0.6997892766039832,0.00424322088740998,0.0053918913188933,0.0113766454013906,0.0237145842739609,0.075390963623761,0.3109369759525666,0.5255075152159601
RF003,validation,44817,0.06711117306110614,0.10386012827704943,0.0035727347134302,0.692006313302646,0.00423558001862904,0.005374393362014561,0.0113408823319326,0.0237824089831262,0.0761556105696042,0.31282924937211615,0.5244777622600943
RF004,train,104573,0.06698115893580335,0.09716143175382204,0.0069237915152571,0.6180979778803518,0.007473840938047235,0.00827387256372616,0.0153792502959944,0.0246027420295823,0.0801815346121019,0.2912765628125809,0.494189330734984
RF004,validation,44817,0.0671490497726614,0.09723896421388976,0.0069140892062733,0.6124580990834176,0.007448857268477343,0.00828390406332998,0.015340338112488,0.0246070720150996,0.081215162207732,0.2914317348132129,0.49426849622238006
RF005,train,104573,0.32977443944088186,0.24565473824537692,0.0739063243222762,0.9746871248393806,0.0750184381858468,0.07996703214779663,0.1329675535244328,0.2242978581734006,0.5127005733975009,0.8496205302425291,0.9406912702027088
RF005,validation,44817,0.32995281198497145,0.24566118576579113,0.0736417314974496,0.9731008448149708,0.074995741381993,0.07997033725035846,0.1324593406402548,0.2248560701428703,0.5143076042867092,0.8497189522856193,0.9404939730912665
RFSTACK001,train,104573,0.06702222113821182,0.11284544183522806,0.0127161897910119,0.6971303514781942,0.0127161897910119,0.0127161897910119,0.0127161897910119,0.0167985923022365,0.0659740725315179,0.3224938945711957,0.5981829785867464
RFSTACK001,validation,44817,0.0672072562843781,0.1129236164561925,0.0127161897910119,0.6966835293086553,0.0127161897910119,0.0127161897910119,0.0127161897910119,0.0168135492315118,0.0662097701463449,0.32519894460549004,0.5947740414334756
RIDGESTACK001,train,104573,0.06738446574313739,0.11878763141955682,0.015730400611987,0.9098519318487526,0.01785303149569757,0.01803854691857628,0.018861614527404,0.0217759505928953,0.0453100848104181,0.32576626637266476,0.6374929635206532
RIDGESTACK001,validation,44817,0.0674672088517869,0.11861760275617013,0.0157747715780453,0.8956610300437653,0.01785584184701792,0.018041534774579298,0.0188698229964124,0.0217372355761455,0.0451752786240662,0.32790900286209546,0.6293300056444111
RLOG001,train,104573,0.06795252283010604,0.08032633819805522,1e-06,0.9101717734028216,0.008998521384903684,0.01222905570883042,0.0199063545045343,0.0312015056985676,0.0857383131101447,0.22252608757826842,0.33675685424637036
RLOG001,validation,44817,0.06805590764160878,0.08046309488290387,2.6105522857526767e-05,0.7997261819604549,0.008942807665395047,0.01219841794388558,0.0198285108515218,0.0312669568958204,0.0866262092401414,0.22229804084907476,0.3344090719611705
RLOG002,train,104573,0.06709213848787253,0.08754279991561588,1e-06,0.9880892671115944,0.007245375257205788,0.01024079917835618,0.0178238804342613,0.0295550723761441,0.0813369401155225,0.2290241673016057,0.4102644579336471
RLOG002,validation,44817,0.06723983633306879,0.08713926516263044,1e-06,0.8639135436032547,0.007184213268745584,0.01018563769569434,0.0177266309167003,0.0296272817012165,0.0820763674049047,0.2282283479909618,0.4095771361525685
RLOG003,train,104573,0.06700558614838568,0.0885271061356968,1e-06,0.9904896787035136,0.0066937913078788285,0.00977192062107696,0.0176022915763535,0.029414615023788,0.0806250231098731,0.22959857472613032,0.41968402102027846
RLOG003,validation,44817,0.0671767076955488,0.08808676601973962,1e-06,0.8850370195586597,0.006618619961893272,0.00971433200580594,0.0175274351673856,0.0295000732694055,0.0815199051139862,0.2297430630665459,0.4193038622992666
RLOG004,train,104573,0.06699715640614004,0.0886299427713564,1e-06,0.9907076211771672,0.006594081215345512,0.0097024502393359,0.0175872333528222,0.0294124089443724,0.0805601070623485,0.22966356329750764,0.4212283035989998
RLOG004,validation,44817,0.06717147950485021,0.08818667148448434,1e-06,0.8870023775334692,0.006528266453033612,0.009655908237697899,0.0175063268525047,0.029495043247799,0.0814428795406024,0.22998982043579647,0.42035409181991756
RLOG005,train,104573,0.06993669296079319,0.08158909414164002,1e-06,0.92771099297705,0.009209223772792744,0.01246447352106046,0.020479880799481,0.0330687600542557,0.0897071915269984,0.22768934698542645,0.3474337201047962
RLOG005,validation,44817,0.07007074943212183,0.08160334169534121,1e-06,0.845829566125211,0.009154097004051677,0.01243485237386944,0.0204092473320987,0.0330936514607257,0.0905863073670324,0.22747478416103237,0.341993433464941
RLOG006,train,104573,0.06730075792361508,0.08721852013753757,1e-06,0.9860491319598148,0.0069443438285290635,0.010071568143583861,0.0178947957784387,0.0297949226566373,0.0820720848263471,0.22921326953566645,0.4060467706262324
RLOG006,validation,44817,0.06746273252684412,0.08682751851091448,1e-06,0.8541658771401438,0.006889796154138288,0.01001003261969844,0.0177939667611802,0.0298299019524189,0.082949025623784,0.22868566006303934,0.4068451296825898
RLOG007,train,104573,0.0670268452939344,0.08847826719296241,1e-06,0.9902942136332044,0.0066241113083897836,0.00973865480703582,0.0176157159228392,0.0294440166237437,0.0807199642013607,0.2297605586275815,0.41911729800882935
RLOG007,validation,44817,0.06719992710537168,0.08803972534015118,1e-06,0.8839114596385632,0.006562636907864764,0.00968705293358788,0.0175365516976903,0.0295184040123836,0.0816061879382424,0.2297872232134112,0.418811435182304
RLOG008,train,104573,0.06699931585375049,0.08862854717333066,1e-06,0.9906986284314931,0.006587584034949648,0.00970002817127478,0.0175894448150936,0.0294141163696558,0.0805704557232389,0.22968623117004408,0.42118095356177354
RLOG008,validation,44817,0.06717390378493841,0.08818568981541249,1e-06,0.8869083184709119,0.00652085292037018,0.00965088890670328,0.0175078671394853,0.0294979756725301,0.0814552826763975,0.22998486888202607,0.4203985510541135
T001,train,104573,0.06699626098514908,0.10530488438468727,0.0223691888737599,0.6098514464425332,0.0223691888737599,0.0223691888737599,0.0223691888737599,0.0223691888737599,0.1086944641783704,0.3471223021582734,0.6098514464425332
T001,validation,44817,0.0673579192383045,0.10571646840292166,0.0223691888737599,0.6098514464425332,0.0223691888737599,0.0223691888737599,0.0223691888737599,0.0223691888737599,0.1086944641783704,0.3471223021582734,0.6098514464425332
T002,train,104573,0.06699626098514908,0.11265257200405424,0.0124345773612013,0.6917510853835022,0.0124345773612013,0.0124345773612013,0.0124345773612013,0.0124345773612013,0.0560038734667527,0.3337637185280826,0.5641025641025641
T002,validation,44817,0.06731491151123063,0.11339928854546252,0.0124345773612013,0.6917510853835022,0.0124345773612013,0.0124345773612013,0.0124345773612013,0.0124345773612013,0.0560038734667527,0.3337637185280826,0.5641025641025641
T003,train,104573,0.06699626098514909,0.11586548977032746,0.0074039642750423,0.8,0.0074039642750423,0.0074039642750423,0.0074039642750423,0.0159810594850547,0.0756946247727863,0.3259911894273127,0.5932203389830508
T003,validation,44817,0.0673192926698349,0.11666584672489842,0.0074039642750423,0.8,0.0074039642750423,0.0074039642750423,0.0074039642750423,0.0159810594850547,0.0756946247727863,0.3264339771828694,0.5932203389830508
T004,train,104573,0.06699626098514908,0.11215379159845373,0.0124345773612013,0.7086419753086419,0.0124345773612013,0.0124345773612013,0.0124345773612013,0.0124345773612013,0.0560038734667527,0.3259943181818182,0.5875486381322957
T004,validation,44817,0.06717862015053618,0.11265641306504581,0.0124345773612013,0.7086419753086419,0.0124345773612013,0.0124345773612013,0.0124345773612013,0.0124345773612013,0.0560038734667527,0.3259943181818182,0.5875486381322957
T005,train,104573,0.06699626098514909,0.11401891385145291,0.0074039642750423,0.7086419753086419,0.0074039642750423,0.0074039642750423,0.0074039642750423,0.0159810594850547,0.0756946247727863,0.3272727272727272,0.5875486381322957
T005,validation,44817,0.06720017924791498,0.11452807756348063,0.0074039642750423,0.7086419753086419,0.0074039642750423,0.0074039642750423,0.0074039642750423,0.0159810594850547,0.0756946247727863,0.3272727272727272,0.5875486381322957
T006,train,104573,0.3375853983810408,0.24784534191731783,0.1362496469705791,0.9664640203642804,0.1362496469705791,0.1362496469705791,0.1362496469705791,0.1362496469705791,0.5621130030654401,0.859587140060036,0.9448223283643624
T006,validation,44817,0.3375612820275568,0.24819665828251006,0.1362496469705791,0.9664640203642804,0.1362496469705791,0.1362496469705791,0.1362496469705791,0.1362496469705791,0.5621130030654401,0.859587140060036,0.9448223283643624
T007,train,104573,0.32925059053337946,0.25509774458344564,0.080187919653264,0.9823648162225568,0.080187919653264,0.080187919653264,0.1663738951970812,0.2061871205531314,0.5550822812176185,0.867503960539266,0.9566653120945148
T007,validation,44817,0.3299445461234873,0.25561643020720765,0.080187919653264,0.9823648162225568,0.080187919653264,0.080187919653264,0.1663738951970812,0.1830731905154668,0.5550822812176185,0.867503960539266,0.9566653120945148
WASTACK001,train,104573,0.08839370758669138,0.14181893126204853,0.0036759411221824,0.8948643596858133,0.005278275130007048,0.0062534376477632395,0.0110024233514578,0.024033429771234,0.0942415068801978,0.43788958712014936,0.6475533791003649
WASTACK001,validation,44817,0.08854806192517681,0.1419250855798351,0.0036528152140372,0.8921165374280126,0.0052450364438610605,0.00623913615185262,0.0109737008857183,0.0239132012143872,0.0942918291736476,0.4382770904892849,0.6465085132530392
WASTACK002,train,104573,0.08859540349041253,0.14246242607238416,0.0036707356189949,0.8948725776778572,0.0052549834918817475,0.00622734349609902,0.0109623501621206,0.023978944867656,0.0941004137957727,0.44062882259617847,0.6498369221656072
WASTACK002,validation,44817,0.08874972928894874,0.14256987007852137,0.003651410875834,0.892480454639246,0.005222278049228012,0.00621143568376842,0.0109322350787723,0.0238555800298922,0.0941279892024667,0.4408419621848584,0.649074784966393
WASTACK003,train,104573,0.07212035839120576,0.1134048412818768,0.0045466995974107,0.8645443411765319,0.006503677234269112,0.00756611388866872,0.012625932673928,0.0237536280906446,0.0791899937370267,0.32134780899736487,0.5773790915853003
WASTACK003,validation,44817,0.0722880823832459,0.11351537659005875,0.0042634299076727,0.8607437315105746,0.0064565597451051475,0.0075351354719322,0.0125813125941,0.0238020960130495,0.0795794281006883,0.3220075021135176,0.5764649479860076
WASTACK004,train,104573,0.06694065755131563,0.11676551293542303,0.0038110229121379,0.9273091713581582,0.005394335632364252,0.00635094264418178,0.0109195285182342,0.0214665640273962,0.0644207727760512,0.3241745893491595,0.6084367528095996
WASTACK004,validation,44817,0.06712243299630376,0.11678329643682203,0.0039107210056367,0.9273956974963912,0.005376454575778368,0.00637765102269254,0.010911043940411,0.0213832952182766,0.0646201611655218,0.32583285360311437,0.6065436924124881
WGNB001,train,104573,0.11249937307488066,0.29407613361213975,1e-06,0.999999,1e-06,3.489610769092267e-05,0.0003232230964105,0.0016761255272418,0.01379060401425,0.9997943658298174,0.999999
WGNB001,validation,44817,0.11289306918207263,0.2943879234224288,1e-06,0.999999,1e-06,3.489610769092267e-05,0.0003313527861845,0.0016891156814546,0.0139720163581908,0.9998651926648885,0.999999
WGNB002,train,104573,0.11249937397250687,0.29407613395015614,1e-06,0.999999,1e-06,3.489609967349753e-05,0.0003232231175958,0.0016761257417452,0.013790605314974,0.99979436586388,0.999999
WGNB002,validation,44817,0.11289307010595495,0.2943879237574997,1e-06,0.999999,1e-06,3.489609967349753e-05,0.0003313528053049,0.0016891158629268,0.0139720178453632,0.9998651926449632,0.999999
WGNB003,train,104573,0.11249937396442013,0.29407613394711185,1e-06,0.999999,1e-06,3.4896099745726665e-05,0.000323223117405,0.0016761257398127,0.0137906053032557,0.9997943658635727,0.999999
WGNB003,validation,44817,0.11289307009763166,0.2943879237544802,1e-06,0.999999,1e-06,3.4896099745726665e-05,0.0003313528051327,0.0016891158612919,0.0139720178319652,0.9998651926451437,0.999999
WGNB004,train,104573,0.11249937388355287,0.2940761339166574,1e-06,0.999999,1e-06,3.4896100468017294e-05,0.0003232231154964,0.0016761257204881,0.0137906051860734,0.9997943658605045,0.999999
WGNB004,validation,44817,0.11289307001439901,0.2943879237242948,1e-06,0.999999,1e-06,3.4896100468017294e-05,0.0003313528034101,0.0016891158449431,0.0139720176979857,0.9998651926469388,0.999999
WGNB005,train,104573,0.11249937307488066,0.29407613361213975,1e-06,0.999999,1e-06,3.489610769092267e-05,0.0003232230964105,0.0016761255272418,0.01379060401425,0.9997943658298174,0.999999
WGNB005,validation,44817,0.11289306918207263,0.2943879234224288,1e-06,0.999999,1e-06,3.489610769092267e-05,0.0003313527861845,0.0016891156814546,0.0139720163581908,0.9998651926648885,0.999999
WGNB006,train,104573,0.11249936498819005,0.29407613056693777,1e-06,0.999999,1e-06,3.489617991995389e-05,0.0003232229055527,0.0016761235947832,0.0137905922960508,0.9997943655229504,0.999999
WGNB006,validation,44817,0.11289306085883917,0.29438792040377165,1e-06,0.999999,1e-06,3.489617991995389e-05,0.0003313526139293,0.0016891140465749,0.013972002960279,0.9998651928443818,0.999999
WGNB007,train,104573,0.1124992841244601,0.29407610011336555,1e-06,0.999999,1e-06,3.4896902208112444e-05,0.0003232209970489,0.0016761042706957,0.0137904751175844,0.9997943624542995,0.999999
WGNB007,validation,44817,0.11289297762955237,0.29438789021866396,1e-06,0.999999,1e-06,3.4896902208112444e-05,0.0003313508914515,0.001689097698238,0.0139718689849103,0.9998651946392749,0.999999
WGNB008,train,104573,0.11249847580502903,0.294075795423383,1e-06,0.999999,1e-06,3.490412487423648e-05,0.0003232019194259,0.0016759110796285,0.0137893036852862,0.9997943317698506,0.999999
WGNB008,validation,44817,0.11289214564134194,0.2943875885116942,1e-06,0.999999,1e-06,3.490412487423648e-05,0.0003313336740955,0.001688934260963,0.0139705296060576,0.9998652125829322,0.999999
WGNB009,train,104573,0.112490424643499,0.2940727338390792,1e-06,0.999999,1e-06,3.497632991197417e-05,0.0003235866362435,0.0016739841337182,0.0137776244823248,0.9997940251304985,0.999999
WGNB009,validation,44817,0.11288385609775822,0.29438458569885123,1e-06,0.999999,1e-06,3.497632991197417e-05,0.0003311025079091,0.0016873044824197,0.0139571731780894,0.9998653914943214,0.999999
WGNB010,train,104573,0.11241330895815048,0.29404136089130334,1e-06,0.999999,1e-06,3.569614380609943e-05,0.000329489599449,0.0016633575964562,0.0136838691190062,0.9997929666295223,0.999999
WGNB010,validation,44817,0.11280388016671222,0.29435580073077205,1e-06,0.999999,1e-06,3.569614380609943e-05,0.0003295552902927,0.0016793895131856,0.0138633767853765,0.9998659637135991,0.999999
WGNB011,train,104573,0.09578983724277126,0.2609280766750659,0.0014073069205565,0.999999,0.0014073069205565,0.0014073069205565,0.0021917325603189,0.0036028505675384,0.0291941633916562,0.9955727239191028,0.999999
WGNB011,validation,44817,0.09673560486848111,0.26220575232475013,0.0014073069205565,0.999999,0.0014073069205565,0.0014073069205565,0.0021917325603189,0.0036028505675384,0.0291941633916562,0.9971085933455082,0.999999
WGNB012,train,104573,0.10757256628516097,0.2927699120711424,5.3162405868618326e-05,0.999999,5.3162405868618326e-05,5.3162405868618326e-05,0.0005425198435358,0.0013907856721832,0.0114502000350847,0.999702247423832,0.999999
WGNB012,validation,44817,0.10773762757684968,0.29305582472888525,5.3162405868618326e-05,0.999999,5.3162405868618326e-05,5.3162405868618326e-05,0.0005425198435358,0.0013907856721832,0.0114502000350847,0.9998344816685344,0.999999
WGNB013,train,104573,0.11022490689200276,0.29348302958631367,1e-06,0.999999,1e-06,6.161366186664861e-05,0.000487316381077,0.0013912283791452,0.0114692112579885,0.9997697949511584,0.999999
WGNB013,validation,44817,0.11038727124055261,0.2936136099291947,1e-06,0.999999,1e-06,6.161366186664861e-05,0.0004931438384686,0.0013912283791452,0.0114692112579885,0.9998359591787089,0.999999
WGNB014,train,104573,0.11104934217761354,0.2936905288907604,1e-06,0.999999,1e-06,4.5951297187300926e-05,0.0003887038567984,0.0015025459116966,0.0123810149734496,0.9997843255782484,0.999999
WGNB014,validation,44817,0.11128178664333126,0.29386938204137164,1e-06,0.999999,1e-06,4.5951297187300926e-05,0.0003963411818829,0.0015102902791036,0.0124583114977931,0.9998445115553918,0.999999
WLOG001,train,104573,0.06699626098514908,0.07502814427697109,0.014299185639474,0.3721447126872954,0.014299185639474,0.014299185639474,0.0218628077521917,0.0345109062160399,0.1013581206184899,0.1836957508367603,0.3721447126872954
WLOG001,validation,44817,0.06716639744770714,0.0752840197482878,0.014299185639474,0.3721447126872954,0.014299185639474,0.014299185639474,0.014299185639474,0.0345109062160399,0.1013581206184899,0.1836957508367603,0.3721447126872954
WLOG002,train,104573,0.06699626098514909,0.10500756426115505,0.0150733763094629,0.7878518175274137,0.0150733763094629,0.0150733763094629,0.0212164140515634,0.030665691037261,0.0739103616091,0.2328942831578498,0.6203996421154335
WLOG002,validation,44817,0.06723436382779957,0.10512070933222928,0.0150733763094629,0.7878518175274137,0.0150733763094629,0.0150733763094629,0.0212164140515634,0.030665691037261,0.0739103616091,0.2328942831578498,0.6203996421154335
WLOG003,train,104573,0.0669962609851491,0.11316047870468646,0.0135172290380615,0.8903914731693036,0.0135172290380615,0.0135172290380615,0.0183187059274531,0.0254336642014213,0.0561068451819239,0.2900847110156322,0.6521814888393316
WLOG003,validation,44817,0.06731451748154861,0.113879133617451,0.0135172290380615,0.8903914731693033,0.0135172290380615,0.0135172290380615,0.0183187059274531,0.0254336642014213,0.0561068451819239,0.2900847110156322,0.6521814888393316
WLOG004,train,104573,0.06699626098514909,0.1168058060378025,0.0137176691598944,0.9413463280958548,0.0137176691598944,0.0137176691598944,0.0183895296648143,0.0252359397212404,0.0540553611944718,0.2678819896285719,0.6776424543136913
WLOG004,validation,44817,0.0673382008688169,0.11791828771358934,0.0137176691598944,0.9413463280958548,0.0137176691598944,0.0137176691598944,0.0183895296648143,0.0252359397212404,0.0693616818375427,0.2678819896285719,0.6936141382847906
WLOG005,train,104573,0.06699626098514909,0.11722387736683382,0.0090958841671132,0.9464498475708816,0.0090958841671132,0.0090958841671132,0.0162988364692432,0.0279082243401105,0.0616781626870072,0.2768452520474921,0.6813202322928594
WLOG005,validation,44817,0.06722636674980366,0.11798469350816569,0.0090958841671132,0.9403849709379812,0.0090958841671132,0.0090958841671132,0.0162988364692432,0.0264807793335706,0.0616781626870072,0.2768452520474921,0.6911065529609931
XGB001,train,104573,0.06699785599460277,0.11660746828522149,0.0033139670267701,0.9455889463424684,0.0047540287487208,0.0059039924293755605,0.0106172999367117,0.0218076538294553,0.0666046068072319,0.32375563383102374,0.6169221019744873
XGB001,validation,44817,0.067348840948299,0.11727550574835247,0.0035860757343471,0.9100266098976136,0.004754418339580224,0.0059248590841889,0.0106534752994775,0.0218333415687084,0.0667226389050483,0.32624100446701026,0.6134377169609064
XGB002,train,104573,0.06698439567933526,0.11646765712353203,0.00328004010953,0.9453607201576232,0.00470294261351222,0.005798721127212,0.010636968538165,0.0218234919011592,0.0665654838085174,0.3256172955036161,0.6145117902755737
XGB002,validation,44817,0.0672830861764776,0.11702285525227323,0.0031635316554456,0.9108295440673828,0.004706710577011012,0.005810322239995,0.0106343394145369,0.0219560451805591,0.0666792541742324,0.32782602906227065,0.6103516125679014
XGB003,train,104573,0.06695358511339852,0.11506421496770759,0.0047610392794013,0.940643310546875,0.0062849926762282,0.0074161761440336,0.0120580326765775,0.0224288292229175,0.067046619951725,0.30902461409568754,0.6256594204902647
XGB003,validation,44817,0.06725834657229438,0.11574514768529098,0.0047116740606725,0.907414436340332,0.0062849926762282,0.00741480858996508,0.0120251141488552,0.0225555822253227,0.0674397498369216,0.3092411816120144,0.6289324665069579
XGB004,train,104573,0.06700706914173495,0.11477062725893833,0.0054256566800177,0.9351652264595032,0.0067457049153745,0.0077804806642234,0.0123039269819855,0.0227583553642034,0.0671344697475433,0.308341485261917,0.6265316104888916
XGB004,validation,44817,0.06732900563610977,0.11541091215516738,0.0054256566800177,0.9000802040100098,0.0067510553635656,0.00777021925896398,0.0122818686068058,0.0228508226573467,0.0675081387162208,0.3100180208683001,0.6298979568481435
XGBSTACK001,train,104573,0.06696335886038599,0.11821685493033704,0.0045749782584607,0.8835611343383789,0.0047402726486325,0.0047969766892492,0.0090137431398034,0.0234812479466199,0.0646079555153846,0.3237093091011047,0.6112376308441156
XGBSTACK001,validation,44817,0.06705545565792073,0.11777732097024686,0.0045749782584607,0.8767716884613037,0.0047402726486325,0.0047969766892492,0.0089899012818932,0.0234812479466199,0.0650892332196235,0.3253443360328667,0.6048354315757742
