score_col_1,score_col_2,correlation
XGBSTACK001,XGBSTACK001,1.0
CAT002,XGBSTACK001,0.9958572091127147
NN008,XGBSTACK001,0.974123168832265
BNB018,XGBSTACK001,0.8129627035515347
WLOG005,XGBSTACK001,0.9368776361216767
BLOG005,XGBSTACK001,0.9369328509982595
XGBSTACK001,CAT002,0.9958572091127147
CAT002,CAT002,1.0
NN008,CAT002,0.97491150422013
BNB018,CAT002,0.8109727283132072
WLOG005,CAT002,0.9479639267806395
BLOG005,CAT002,0.948996679183824
XGBSTACK001,NN008,0.974123168832265
CAT002,NN008,0.97491150422013
NN008,NN008,1.0
BNB018,NN008,0.8087523856070226
WLOG005,NN008,0.9283986220668444
BLOG005,NN008,0.93058636566685
XGBSTACK001,BNB018,0.8129627035515347
CAT002,BNB018,0.8109727283132072
NN008,BNB018,0.8087523856070226
BNB018,BNB018,1.0
WLOG005,BNB018,0.7427501856825575
BLOG005,BNB018,0.7548594963432889
XGBSTACK001,WLOG005,0.9368776361216767
CAT002,WLOG005,0.9479639267806395
NN008,WLOG005,0.9283986220668444
BNB018,WLOG005,0.7427501856825575
WLOG005,WLOG005,1.0
BLOG005,WLOG005,0.9959147662063565
XGBSTACK001,BLOG005,0.9369328509982595
CAT002,BLOG005,0.948996679183824
NN008,BLOG005,0.93058636566685
BNB018,BLOG005,0.7548594963432889
WLOG005,BLOG005,0.9959147662063565
BLOG005,BLOG005,1.0
