model_id,feature,importance
T001,NumberOfTimes90DaysLate,0.711940044051888
T001,RevolvingUtilization_log,0.14596670487586946
T001,NumberOfTime60-89DaysPastDueNotWorse,0.10566518520545472
T001,RevolvingUtilization_capped,0.02914231563398332
T001,NumberOfTime30-59DaysPastDueNotWorse,0.00728575023280442
T001,NumberOfDependents_median,0.0
T001,DebtRatio_high_flag,0.0
T001,NumberOfDependents_missing_flag,0.0
T001,MonthlyIncome_missing_flag,0.0
T001,DebtRatio_log,0.0
T001,NumberRealEstateLoansOrLines,0.0
T001,age,0.0
T001,NumberOfOpenCreditLinesAndLoans,0.0
T001,MonthlyIncome_median,0.0
T001,DebtRatio_capped,0.0
T001,age_sq,0.0
T001,RevolvingUtilization_high_flag,0.0
T002,NumberOfTimes90DaysLate,0.6252189803247782
T002,RevolvingUtilization_log,0.16326213572848358
T002,NumberOfTime60-89DaysPastDueNotWorse,0.10912083871792261
T002,NumberOfTime30-59DaysPastDueNotWorse,0.08195715937671394
T002,RevolvingUtilization_capped,0.00878468602506756
T002,DebtRatio_log,0.004015994188419468
T002,age,0.00358318745948365
T002,DebtRatio_capped,0.002646766056478334
T002,NumberOfOpenCreditLinesAndLoans,0.001410252122652675
T002,DebtRatio_high_flag,0.0
T002,NumberOfDependents_missing_flag,0.0
T002,MonthlyIncome_missing_flag,0.0
T002,NumberRealEstateLoansOrLines,0.0
T002,NumberOfDependents_median,0.0
T002,MonthlyIncome_median,0.0
T002,age_sq,0.0
T002,RevolvingUtilization_high_flag,0.0
T003,NumberOfTimes90DaysLate,0.5921255783996308
T003,RevolvingUtilization_log,0.12814936603860655
T003,NumberOfTime60-89DaysPastDueNotWorse,0.10510759524900486
T003,NumberOfTime30-59DaysPastDueNotWorse,0.08343998576547611
T003,RevolvingUtilization_capped,0.05174265569582605
T003,DebtRatio_log,0.010193815864599809
T003,age,0.00717429203592588
T003,NumberOfOpenCreditLinesAndLoans,0.0065357147044155526
T003,DebtRatio_capped,0.004247619041836054
T003,NumberRealEstateLoansOrLines,0.003961718842908274
T003,MonthlyIncome_median,0.0027741771872537963
T003,NumberOfDependents_median,0.002450841692473323
T003,age_sq,0.0020966394820430075
T003,MonthlyIncome_missing_flag,0.0
T003,NumberOfDependents_missing_flag,0.0
T003,DebtRatio_high_flag,0.0
T003,RevolvingUtilization_high_flag,0.0
T004,NumberOfTimes90DaysLate,0.6292467244836831
T004,RevolvingUtilization_log,0.12950811949432756
T004,NumberOfTime60-89DaysPastDueNotWorse,0.10434396505393778
T004,NumberOfTime30-59DaysPastDueNotWorse,0.0882916877883193
T004,RevolvingUtilization_capped,0.03629624264149872
T004,DebtRatio_capped,0.006722154473967776
T004,age,0.0036151292747293967
T004,NumberOfDependents_median,0.0012461324844195774
T004,DebtRatio_log,0.0007298443051167622
T004,DebtRatio_high_flag,0.0
T004,NumberOfDependents_missing_flag,0.0
T004,MonthlyIncome_missing_flag,0.0
T004,NumberRealEstateLoansOrLines,0.0
T004,NumberOfOpenCreditLinesAndLoans,0.0
T004,MonthlyIncome_median,0.0
T004,age_sq,0.0
T004,RevolvingUtilization_high_flag,0.0
T005,NumberOfTimes90DaysLate,0.6088286557648079
T005,RevolvingUtilization_log,0.15631975119461253
T005,NumberOfTime60-89DaysPastDueNotWorse,0.10095816713719954
T005,NumberOfTime30-59DaysPastDueNotWorse,0.08775606639597351
T005,RevolvingUtilization_capped,0.01689017183599256
T005,DebtRatio_capped,0.008979088949234194
T005,age_sq,0.004979792940855868
T005,NumberOfDependents_median,0.003991731583676379
T005,NumberOfOpenCreditLinesAndLoans,0.003893276486821179
T005,DebtRatio_log,0.0037445187569236623
T005,NumberRealEstateLoansOrLines,0.0017721153496195938
T005,age,0.0015662028671847945
T005,MonthlyIncome_median,0.00032046073709832726
T005,MonthlyIncome_missing_flag,0.0
T005,NumberOfDependents_missing_flag,0.0
T005,DebtRatio_high_flag,0.0
T005,RevolvingUtilization_high_flag,0.0
T006,RevolvingUtilization_log,0.5909115996412491
T006,NumberOfTime30-59DaysPastDueNotWorse,0.18180691239621632
T006,NumberOfTimes90DaysLate,0.15623420635645932
T006,NumberOfTime60-89DaysPastDueNotWorse,0.05979556762742543
T006,age_sq,0.008998463671559266
T006,RevolvingUtilization_capped,0.0012825371337179198
T006,DebtRatio_log,0.0006559933550805081
T006,NumberRealEstateLoansOrLines,0.00026648154994095866
T006,NumberOfOpenCreditLinesAndLoans,4.8238268351142016e-05
T006,age,0.0
T006,NumberOfDependents_median,0.0
T006,MonthlyIncome_median,0.0
T006,DebtRatio_capped,0.0
T006,MonthlyIncome_missing_flag,0.0
T006,NumberOfDependents_missing_flag,0.0
T006,DebtRatio_high_flag,0.0
T006,RevolvingUtilization_high_flag,0.0
T007,RevolvingUtilization_log,0.5674743106109654
T007,NumberOfTime30-59DaysPastDueNotWorse,0.17406079043145248
T007,NumberOfTimes90DaysLate,0.1487065279020591
T007,NumberOfTime60-89DaysPastDueNotWorse,0.05698134945551675
T007,NumberRealEstateLoansOrLines,0.011338729829187322
T007,age,0.010840301616891472
T007,RevolvingUtilization_capped,0.009841977777493089
T007,age_sq,0.008666018766983752
T007,DebtRatio_capped,0.004101184822787571
T007,NumberOfOpenCreditLinesAndLoans,0.003445721168494409
T007,DebtRatio_log,0.003162509228511354
T007,MonthlyIncome_median,0.0012339194728285049
T007,NumberOfDependents_median,0.00014665891682880225
T007,MonthlyIncome_missing_flag,0.0
T007,NumberOfDependents_missing_flag,0.0
T007,DebtRatio_high_flag,0.0
T007,RevolvingUtilization_high_flag,0.0
RF001,NumberOfTimes90DaysLate,0.3533933175115649
RF001,NumberOfTime60-89DaysPastDueNotWorse,0.18597624426335338
RF001,RevolvingUtilization_capped,0.1608260102484987
RF001,RevolvingUtilization_log,0.14254083336061132
RF001,NumberOfTime30-59DaysPastDueNotWorse,0.10406381207031357
RF001,age,0.013709433753732804
RF001,age_sq,0.010960696972031166
RF001,NumberOfOpenCreditLinesAndLoans,0.009302678452559105
RF001,DebtRatio_log,0.004842455539039838
RF001,DebtRatio_capped,0.004787916374775861
RF001,MonthlyIncome_median,0.004269573272502904
RF001,NumberRealEstateLoansOrLines,0.0033858893442508934
RF001,NumberOfDependents_median,0.0012144566656746094
RF001,RevolvingUtilization_high_flag,0.0002847295090220894
RF001,MonthlyIncome_missing_flag,0.0002538954008816076
RF001,DebtRatio_high_flag,0.00018573433171685018
RF001,NumberOfDependents_missing_flag,2.322929470433846e-06
RF002,NumberOfTimes90DaysLate,0.3479211172299526
RF002,NumberOfTime60-89DaysPastDueNotWorse,0.16780920293044393
RF002,RevolvingUtilization_capped,0.14694621395742288
RF002,RevolvingUtilization_log,0.14183745561069486
RF002,NumberOfTime30-59DaysPastDueNotWorse,0.12055233907875837
RF002,age,0.015787648701396623
RF002,age_sq,0.012380996239240402
RF002,NumberOfOpenCreditLinesAndLoans,0.01219617847100102
RF002,DebtRatio_capped,0.009068127290934865
RF002,DebtRatio_log,0.009045492885418383
RF002,MonthlyIncome_median,0.007371430259766892
RF002,NumberRealEstateLoansOrLines,0.005635898383608886
RF002,NumberOfDependents_median,0.002386622792813999
RF002,MonthlyIncome_missing_flag,0.00041763637724089633
RF002,DebtRatio_high_flag,0.0003547630855652601
RF002,RevolvingUtilization_high_flag,0.0002825997814231173
RF002,NumberOfDependents_missing_flag,6.276924317055772e-06
RF003,NumberOfTimes90DaysLate,0.3312946158500524
RF003,NumberOfTime60-89DaysPastDueNotWorse,0.163597490445465
RF003,RevolvingUtilization_capped,0.1427202532766544
RF003,RevolvingUtilization_log,0.141787274927315
RF003,NumberOfTime30-59DaysPastDueNotWorse,0.12044809940201177
RF003,age,0.018147431981550347
RF003,NumberOfOpenCreditLinesAndLoans,0.01627973944967647
RF003,age_sq,0.014996034727466679
RF003,DebtRatio_log,0.013908719524212734
RF003,DebtRatio_capped,0.01315336824718651
RF003,MonthlyIncome_median,0.011233673707289105
RF003,NumberRealEstateLoansOrLines,0.007622598776538773
RF003,NumberOfDependents_median,0.003125885201067053
RF003,MonthlyIncome_missing_flag,0.0006556594730310043
RF003,DebtRatio_high_flag,0.0005880046397784079
RF003,RevolvingUtilization_high_flag,0.00042807230294653666
RF003,NumberOfDependents_missing_flag,1.3078067757973046e-05
RF004,NumberOfTimes90DaysLate,0.35723567530440686
RF004,NumberOfTime60-89DaysPastDueNotWorse,0.16205610919585975
RF004,RevolvingUtilization_capped,0.15196011630399264
RF004,RevolvingUtilization_log,0.1457347257008383
RF004,NumberOfTime30-59DaysPastDueNotWorse,0.12060015353043739
RF004,age,0.014650759231292628
RF004,age_sq,0.011862061710383533
RF004,NumberOfOpenCreditLinesAndLoans,0.010747252582042956
RF004,DebtRatio_log,0.006915173927228998
RF004,DebtRatio_capped,0.00657632460221365
RF004,MonthlyIncome_median,0.0051398050968463746
RF004,NumberRealEstateLoansOrLines,0.004622253431258475
RF004,NumberOfDependents_median,0.0014399954021066229
RF004,MonthlyIncome_missing_flag,0.00024337092232681643
RF004,DebtRatio_high_flag,0.00021440905627720196
RF004,NumberOfDependents_missing_flag,1.8140024879329862e-06
RF004,RevolvingUtilization_high_flag,0.0
RF005,RevolvingUtilization_capped,0.27442367320810024
RF005,RevolvingUtilization_log,0.26302814769478416
RF005,NumberOfTimes90DaysLate,0.1696718264701131
RF005,NumberOfTime30-59DaysPastDueNotWorse,0.15836236467992126
RF005,NumberOfTime60-89DaysPastDueNotWorse,0.07309738942938544
RF005,age_sq,0.01464095175343599
RF005,age,0.013278198037122099
RF005,NumberRealEstateLoansOrLines,0.010004089537910143
RF005,NumberOfOpenCreditLinesAndLoans,0.007161018915598999
RF005,DebtRatio_log,0.005964618688909757
RF005,DebtRatio_capped,0.005618806117346755
RF005,MonthlyIncome_median,0.003726212874286953
RF005,NumberOfDependents_median,0.0004981481576922425
RF005,MonthlyIncome_missing_flag,0.0003108047032822505
RF005,DebtRatio_high_flag,0.00017631575426397812
RF005,RevolvingUtilization_high_flag,3.7433977846697595e-05
RF005,NumberOfDependents_missing_flag,0.0
ET001,RevolvingUtilization_log,0.3188257906520198
ET001,RevolvingUtilization_capped,0.2708415125613838
ET001,NumberOfTime30-59DaysPastDueNotWorse,0.11617463821037317
ET001,NumberOfTimes90DaysLate,0.10948699118897155
ET001,NumberOfTime60-89DaysPastDueNotWorse,0.09324389686967201
ET001,age,0.03643925086427481
ET001,age_sq,0.029970885872977325
ET001,NumberOfOpenCreditLinesAndLoans,0.0057209197089659455
ET001,DebtRatio_log,0.003673491492983587
ET001,DebtRatio_capped,0.0032306124596340868
ET001,RevolvingUtilization_high_flag,0.0031564676015643374
ET001,NumberOfDependents_median,0.0030417295066099467
ET001,MonthlyIncome_missing_flag,0.002393304428024451
ET001,DebtRatio_high_flag,0.0017703413883419343
ET001,NumberRealEstateLoansOrLines,0.0011799921049161465
ET001,MonthlyIncome_median,0.0006121301361360351
ET001,NumberOfDependents_missing_flag,0.0002380449531510969
ET002,RevolvingUtilization_log,0.2840116567376858
ET002,RevolvingUtilization_capped,0.28084262357765166
ET002,NumberOfTimes90DaysLate,0.13810021405447975
ET002,NumberOfTime30-59DaysPastDueNotWorse,0.11726688219464418
ET002,NumberOfTime60-89DaysPastDueNotWorse,0.10925424460267039
ET002,age,0.02452668902664819
ET002,age_sq,0.02128020013402129
ET002,NumberOfOpenCreditLinesAndLoans,0.004958885765785126
ET002,DebtRatio_log,0.00408309130650092
ET002,DebtRatio_capped,0.003179725782977786
ET002,RevolvingUtilization_high_flag,0.0031377299223350297
ET002,NumberOfDependents_median,0.002851861381884347
ET002,MonthlyIncome_missing_flag,0.002297009678032566
ET002,NumberRealEstateLoansOrLines,0.002033787043801105
ET002,DebtRatio_high_flag,0.0014378984486468132
ET002,MonthlyIncome_median,0.0005559487654165108
ET002,NumberOfDependents_missing_flag,0.00018155157681865638
ET003,RevolvingUtilization_log,0.26481072640635533
ET003,RevolvingUtilization_capped,0.25073098159274704
ET003,NumberOfTimes90DaysLate,0.1606727956554989
ET003,NumberOfTime60-89DaysPastDueNotWorse,0.12404098515210907
ET003,NumberOfTime30-59DaysPastDueNotWorse,0.12348407318721302
ET003,age,0.023857089384663327
ET003,age_sq,0.021866409401392322
ET003,NumberOfOpenCreditLinesAndLoans,0.006526509744350512
ET003,DebtRatio_log,0.0052142302171979725
ET003,DebtRatio_capped,0.0038965055063210534
ET003,NumberOfDependents_median,0.0038065485680531933
ET003,NumberRealEstateLoansOrLines,0.0031419034040214015
ET003,MonthlyIncome_missing_flag,0.0025978339397628365
ET003,RevolvingUtilization_high_flag,0.002578752865467443
ET003,DebtRatio_high_flag,0.0014389071575275486
ET003,MonthlyIncome_median,0.001086278216280378
ET003,NumberOfDependents_missing_flag,0.0002494696010386872
ET004,RevolvingUtilization_log,0.3632163987080784
ET004,RevolvingUtilization_capped,0.3522738527567417
ET004,NumberOfTime30-59DaysPastDueNotWorse,0.0619768830634705
ET004,NumberOfTimes90DaysLate,0.05397959306250159
ET004,age,0.043440151838594704
ET004,NumberOfTime60-89DaysPastDueNotWorse,0.041675337646581836
ET004,age_sq,0.035363524061969805
ET004,DebtRatio_log,0.011037277167460242
ET004,NumberOfOpenCreditLinesAndLoans,0.009578939002253603
ET004,DebtRatio_capped,0.007304292542561178
ET004,NumberOfDependents_median,0.00505209974864382
ET004,NumberRealEstateLoansOrLines,0.0048112687162901865
ET004,MonthlyIncome_missing_flag,0.0035682651769961523
ET004,DebtRatio_high_flag,0.0026795377693320643
ET004,NumberOfDependents_missing_flag,0.00217417045918637
ET004,RevolvingUtilization_high_flag,0.0011136016889287223
ET004,MonthlyIncome_median,0.0007548065904089552
ET005,RevolvingUtilization_log,0.3919549551675719
ET005,RevolvingUtilization_capped,0.3207642917687254
ET005,NumberOfTime30-59DaysPastDueNotWorse,0.09530055455325583
ET005,NumberOfTime60-89DaysPastDueNotWorse,0.05991474947441144
ET005,NumberOfTimes90DaysLate,0.058701124103353146
ET005,age,0.03232446438964043
ET005,age_sq,0.021308410125790586
ET005,NumberOfOpenCreditLinesAndLoans,0.003799688196692032
ET005,DebtRatio_log,0.0036107619616529544
ET005,MonthlyIncome_missing_flag,0.003181396690927793
ET005,DebtRatio_capped,0.002587217906056925
ET005,NumberRealEstateLoansOrLines,0.002460620777141991
ET005,NumberOfDependents_median,0.0015707100620114193
ET005,DebtRatio_high_flag,0.0014568954825864404
ET005,RevolvingUtilization_high_flag,0.0006240650585853369
ET005,MonthlyIncome_median,0.00033959183132721766
ET005,NumberOfDependents_missing_flag,0.00010050245026919588
XGB001,NumberOfTimes90DaysLate,0.2960560917854309
XGB001,RevolvingUtilization_log,0.18119391798973083
XGB001,RevolvingUtilization_capped,0.1491432934999466
XGB001,NumberOfTime60-89DaysPastDueNotWorse,0.14088909327983856
XGB001,NumberOfTime30-59DaysPastDueNotWorse,0.1080014631152153
XGB001,DebtRatio_high_flag,0.02047107368707657
XGB001,NumberRealEstateLoansOrLines,0.017539361491799355
XGB001,age,0.017030030488967896
XGB001,DebtRatio_capped,0.01170573104172945
XGB001,NumberOfOpenCreditLinesAndLoans,0.011350993067026138
XGB001,age_sq,0.010703685693442822
XGB001,DebtRatio_log,0.009916017763316631
XGB001,MonthlyIncome_missing_flag,0.009632127359509468
XGB001,MonthlyIncome_median,0.009426824748516083
XGB001,NumberOfDependents_median,0.0069403271190822124
XGB001,NumberOfDependents_missing_flag,0.0
XGB001,RevolvingUtilization_high_flag,0.0
XGB002,NumberOfTimes90DaysLate,0.2679782211780548
XGB002,RevolvingUtilization_log,0.2198343575000763
XGB002,RevolvingUtilization_capped,0.15465044975280762
XGB002,NumberOfTime60-89DaysPastDueNotWorse,0.12237265706062317
XGB002,NumberOfTime30-59DaysPastDueNotWorse,0.10327472537755966
XGB002,DebtRatio_high_flag,0.02273685857653618
XGB002,NumberRealEstateLoansOrLines,0.017454035580158234
XGB002,age,0.017305118963122368
XGB002,age_sq,0.01330456044524908
XGB002,MonthlyIncome_missing_flag,0.01154499314725399
XGB002,NumberOfOpenCreditLinesAndLoans,0.011341998353600502
XGB002,DebtRatio_capped,0.010546250268816948
XGB002,DebtRatio_log,0.009845822118222713
XGB002,MonthlyIncome_median,0.009546157903969288
XGB002,NumberOfDependents_median,0.007219098974019289
XGB002,NumberOfDependents_missing_flag,0.0010447022505104542
XGB002,RevolvingUtilization_high_flag,0.0
XGB003,NumberOfTimes90DaysLate,0.2522955536842346
XGB003,RevolvingUtilization_log,0.22420935332775116
XGB003,RevolvingUtilization_capped,0.16422583162784576
XGB003,NumberOfTime30-59DaysPastDueNotWorse,0.12576252222061157
XGB003,NumberOfTime60-89DaysPastDueNotWorse,0.11770771443843842
XGB003,age,0.022121405228972435
XGB003,age_sq,0.01868237368762493
XGB003,NumberRealEstateLoansOrLines,0.015438352711498737
XGB003,DebtRatio_log,0.010962598957121372
XGB003,DebtRatio_capped,0.010427568107843399
XGB003,MonthlyIncome_median,0.010216365568339825
XGB003,NumberOfOpenCreditLinesAndLoans,0.009640635922551155
XGB003,DebtRatio_high_flag,0.006618058774620295
XGB003,NumberOfDependents_median,0.00649217376485467
XGB003,MonthlyIncome_missing_flag,0.005199540872126818
XGB003,NumberOfDependents_missing_flag,0.0
XGB003,RevolvingUtilization_high_flag,0.0
XGB004,NumberOfTimes90DaysLate,0.25844645500183105
XGB004,RevolvingUtilization_log,0.20378202199935913
XGB004,RevolvingUtilization_capped,0.176059752702713
XGB004,NumberOfTime30-59DaysPastDueNotWorse,0.1246602013707161
XGB004,NumberOfTime60-89DaysPastDueNotWorse,0.10639398545026779
XGB004,age_sq,0.024166390299797058
XGB004,age,0.022588729858398438
XGB004,NumberRealEstateLoansOrLines,0.015384107828140259
XGB004,DebtRatio_high_flag,0.012665596790611744
XGB004,DebtRatio_capped,0.011223740875720978
XGB004,DebtRatio_log,0.010664129629731178
XGB004,NumberOfOpenCreditLinesAndLoans,0.010317337699234486
XGB004,MonthlyIncome_median,0.009519814513623714
XGB004,NumberOfDependents_median,0.006194989662617445
XGB004,MonthlyIncome_missing_flag,0.00438104709610343
XGB004,RevolvingUtilization_high_flag,0.0035517066717147827
XGB004,NumberOfDependents_missing_flag,0.0
LGB001,RevolvingUtilization_capped,623.0
LGB001,age,611.0
LGB001,DebtRatio_capped,598.0
LGB001,MonthlyIncome_median,530.0
LGB001,NumberOfOpenCreditLinesAndLoans,449.0
LGB001,NumberOfTime30-59DaysPastDueNotWorse,292.0
LGB001,NumberRealEstateLoansOrLines,257.0
LGB001,NumberOfTimes90DaysLate,238.0
LGB001,NumberOfDependents_median,172.0
LGB001,NumberOfTime60-89DaysPastDueNotWorse,155.0
LGB001,RevolvingUtilization_log,79.0
LGB001,DebtRatio_log,73.0
LGB001,age_sq,53.0
LGB001,RevolvingUtilization_high_flag,29.0
LGB001,MonthlyIncome_missing_flag,28.0
LGB001,DebtRatio_high_flag,11.0
LGB001,NumberOfDependents_missing_flag,2.0
LGB002,DebtRatio_capped,2503.0
LGB002,age,2325.0
LGB002,MonthlyIncome_median,2266.0
LGB002,RevolvingUtilization_capped,2217.0
LGB002,NumberOfOpenCreditLinesAndLoans,1582.0
LGB002,NumberRealEstateLoansOrLines,787.0
LGB002,NumberOfTime30-59DaysPastDueNotWorse,700.0
LGB002,NumberOfDependents_median,592.0
LGB002,NumberOfTimes90DaysLate,572.0
LGB002,NumberOfTime60-89DaysPastDueNotWorse,448.0
LGB002,RevolvingUtilization_log,343.0
LGB002,DebtRatio_log,285.0
LGB002,age_sq,203.0
LGB002,MonthlyIncome_missing_flag,75.0
LGB002,RevolvingUtilization_high_flag,57.0
LGB002,DebtRatio_high_flag,29.0
LGB002,NumberOfDependents_missing_flag,16.0
LGB003,age,972.0
LGB003,DebtRatio_capped,968.0
LGB003,RevolvingUtilization_capped,956.0
LGB003,MonthlyIncome_median,892.0
LGB003,NumberOfOpenCreditLinesAndLoans,734.0
LGB003,NumberOfTime30-59DaysPastDueNotWorse,466.0
LGB003,NumberRealEstateLoansOrLines,375.0
LGB003,NumberOfTimes90DaysLate,370.0
LGB003,NumberOfTime60-89DaysPastDueNotWorse,294.0
LGB003,NumberOfDependents_median,277.0
LGB003,RevolvingUtilization_log,233.0
LGB003,DebtRatio_log,189.0
LGB003,age_sq,138.0
LGB003,RevolvingUtilization_high_flag,65.0
LGB003,MonthlyIncome_missing_flag,57.0
LGB003,DebtRatio_high_flag,11.0
LGB003,NumberOfDependents_missing_flag,3.0
LGB004,RevolvingUtilization_capped,1444.0
LGB004,DebtRatio_capped,1283.0
LGB004,age,1271.0
LGB004,MonthlyIncome_median,1189.0
LGB004,NumberOfOpenCreditLinesAndLoans,1019.0
LGB004,NumberOfTime30-59DaysPastDueNotWorse,741.0
LGB004,NumberOfTimes90DaysLate,564.0
LGB004,NumberRealEstateLoansOrLines,551.0
LGB004,NumberOfTime60-89DaysPastDueNotWorse,470.0
LGB004,NumberOfDependents_median,347.0
LGB004,DebtRatio_log,297.0
LGB004,RevolvingUtilization_log,286.0
LGB004,age_sq,227.0
LGB004,MonthlyIncome_missing_flag,92.0
LGB004,DebtRatio_high_flag,16.0
LGB004,NumberOfDependents_missing_flag,3.0
LGB004,RevolvingUtilization_high_flag,0.0
CAT001,RevolvingUtilization_capped,20.383722555261205
CAT001,RevolvingUtilization_log,18.99034051761427
CAT001,NumberOfTime30-59DaysPastDueNotWorse,15.508554138126431
CAT001,NumberOfTimes90DaysLate,13.763957478468583
CAT001,NumberOfTime60-89DaysPastDueNotWorse,7.7781208638330215
CAT001,age,4.918013403280854
CAT001,age_sq,4.3164715240464195
CAT001,NumberOfOpenCreditLinesAndLoans,3.644209008221867
CAT001,NumberRealEstateLoansOrLines,3.1697428743638474
CAT001,DebtRatio_capped,2.3628018232121173
CAT001,MonthlyIncome_median,1.930991132886417
CAT001,DebtRatio_log,1.4819918224153488
CAT001,DebtRatio_high_flag,0.6342803470055092
CAT001,NumberOfDependents_median,0.6281971833618107
CAT001,MonthlyIncome_missing_flag,0.2732259622617061
CAT001,RevolvingUtilization_high_flag,0.2153793656406075
CAT001,NumberOfDependents_missing_flag,0.0
CAT002,RevolvingUtilization_capped,18.387261543413278
CAT002,RevolvingUtilization_log,18.328181258041276
CAT002,NumberOfTime30-59DaysPastDueNotWorse,14.578962127687033
CAT002,NumberOfTimes90DaysLate,12.74979655318368
CAT002,NumberOfTime60-89DaysPastDueNotWorse,7.377559309911398
CAT002,age,4.877446065298621
CAT002,age_sq,4.726244495471591
CAT002,NumberOfOpenCreditLinesAndLoans,4.270817437077541
CAT002,NumberRealEstateLoansOrLines,3.9165196707600005
CAT002,DebtRatio_log,3.041939717486115
CAT002,DebtRatio_capped,2.5257428449125574
CAT002,MonthlyIncome_median,2.3997168005943923
CAT002,DebtRatio_high_flag,0.9690281532064796
CAT002,NumberOfDependents_median,0.9292503792170967
CAT002,MonthlyIncome_missing_flag,0.6045547064024258
CAT002,RevolvingUtilization_high_flag,0.28762255743107945
CAT002,NumberOfDependents_missing_flag,0.029356379905442282
CAT003,RevolvingUtilization_log,20.771237692616822
CAT003,RevolvingUtilization_capped,19.01101339338968
CAT003,NumberOfTime30-59DaysPastDueNotWorse,15.48393193035332
CAT003,NumberOfTimes90DaysLate,13.845019585525709
CAT003,NumberOfTime60-89DaysPastDueNotWorse,7.393474727382243
CAT003,age,5.547377791792601
CAT003,age_sq,3.5395430166644384
CAT003,NumberRealEstateLoansOrLines,3.3080700555086593
CAT003,NumberOfOpenCreditLinesAndLoans,3.301062655310403
CAT003,DebtRatio_capped,2.0602532302146352
CAT003,MonthlyIncome_median,2.009962717123643
CAT003,DebtRatio_log,1.8491424644681642
CAT003,DebtRatio_high_flag,0.6856768509784759
CAT003,NumberOfDependents_median,0.6131489108261957
CAT003,MonthlyIncome_missing_flag,0.3099402088930913
CAT003,RevolvingUtilization_high_flag,0.2283667253877417
CAT003,NumberOfDependents_missing_flag,0.04277804356417799
CAT004,RevolvingUtilization_log,21.426905591451533
CAT004,RevolvingUtilization_capped,18.190802962537173
CAT004,NumberOfTime30-59DaysPastDueNotWorse,15.943628607465733
CAT004,NumberOfTimes90DaysLate,14.17235712807843
CAT004,NumberOfTime60-89DaysPastDueNotWorse,7.752453878288233
CAT004,age,4.86525003965253
CAT004,age_sq,3.8490683261834224
CAT004,NumberOfOpenCreditLinesAndLoans,3.471243001096721
CAT004,NumberRealEstateLoansOrLines,2.9761375160565424
CAT004,DebtRatio_log,1.9157686658840367
CAT004,DebtRatio_capped,1.8456008773628956
CAT004,MonthlyIncome_median,1.5838294963614457
CAT004,DebtRatio_high_flag,1.022701499721934
CAT004,NumberOfDependents_median,0.4448171282425666
CAT004,MonthlyIncome_missing_flag,0.30668634071404677
CAT004,RevolvingUtilization_high_flag,0.23176242277067763
CAT004,NumberOfDependents_missing_flag,0.0009865181320839482
