model_id,feature,vif,vif_flag,vif_threshold
WLOG001,RevolvingUtilization_final_bin_woe,1.0,single_feature,3.0
WLOG002,RevolvingUtilization_final_bin_woe,1.1818733516751918,preferred,3.0
WLOG002,NumberOfTimes90DaysLate_final_bin_woe,1.1818733516751811,preferred,3.0
WLOG003,RevolvingUtilization_final_bin_woe,1.280643118834025,preferred,3.0
WLOG003,NumberOfTimes90DaysLate_final_bin_woe,1.2663234232082585,preferred,3.0
WLOG003,NumberOfTime30-59DaysPastDueNotWorse_final_bin_woe,1.254873945449747,preferred,3.0
WLOG004,NumberOfTimes90DaysLate_final_bin_woe,1.3704681118188409,preferred,3.0
WLOG004,NumberOfTime60-89DaysPastDueNotWorse_final_bin_woe,1.331094107183844,preferred,3.0
WLOG004,NumberOfTime30-59DaysPastDueNotWorse_final_bin_woe,1.3284114639093123,preferred,3.0
WLOG004,RevolvingUtilization_final_bin_woe,1.302032591867742,preferred,3.0
WLOG005,RevolvingUtilization_final_bin_woe,1.409875747688125,preferred,3.0
WLOG005,NumberOfTimes90DaysLate_final_bin_woe,1.3712297238469955,preferred,3.0
WLOG005,NumberOfTime60-89DaysPastDueNotWorse_final_bin_woe,1.331391479516202,preferred,3.0
WLOG005,NumberOfTime30-59DaysPastDueNotWorse_final_bin_woe,1.3295587696640097,preferred,3.0
WLOG005,age_final_bin_v2_woe,1.1309002567764332,preferred,3.0
BLOG001,RevolvingUtilization_final_bin_100%+,1.0,preferred,3.0
BLOG001,RevolvingUtilization_final_bin_15-30%,1.0,preferred,3.0
BLOG001,RevolvingUtilization_final_bin_30-50%,1.0,preferred,3.0
BLOG001,RevolvingUtilization_final_bin_5-15%,1.0,preferred,3.0
BLOG001,RevolvingUtilization_final_bin_50-75%,1.0,preferred,3.0
BLOG001,RevolvingUtilization_final_bin_75-100%,1.0,preferred,3.0
BLOG001,RevolvingUtilization_final_bin_=0,1.0,preferred,3.0
BLOG002,RevolvingUtilization_final_bin_75-100%,1.110345383869631,preferred,3.0
BLOG002,NumberOfTimes90DaysLate_final_bin_1,1.0834957122439002,preferred,3.0
BLOG002,RevolvingUtilization_final_bin_100%+,1.0480509498448414,preferred,3.0
BLOG002,NumberOfTimes90DaysLate_final_bin_3+,1.0472413514743855,preferred,3.0
BLOG002,NumberOfTimes90DaysLate_final_bin_2,1.0425773219737118,preferred,3.0
BLOG002,RevolvingUtilization_final_bin_50-75%,1.007908547986889,preferred,3.0
BLOG002,RevolvingUtilization_final_bin_30-50%,1.0028535330364288,preferred,3.0
BLOG002,RevolvingUtilization_final_bin_=0,1.0015892355587617,preferred,3.0
BLOG002,RevolvingUtilization_final_bin_15-30%,1.001544559800606,preferred,3.0
BLOG002,RevolvingUtilization_final_bin_5-15%,1.0010221755948352,preferred,3.0
BLOG003,RevolvingUtilization_final_bin_75-100%,1.1884962687482925,preferred,3.0
BLOG003,NumberOfTime30-59DaysPastDueNotWorse_final_bin_1,1.1627994839331934,preferred,3.0
BLOG003,NumberOfTimes90DaysLate_final_bin_1,1.1087402868759584,preferred,3.0
BLOG003,NumberOfTime30-59DaysPastDueNotWorse_final_bin_3+,1.1082836922809765,preferred,3.0
BLOG003,RevolvingUtilization_final_bin_100%+,1.0828079357615963,preferred,3.0
BLOG003,NumberOfTime30-59DaysPastDueNotWorse_final_bin_2,1.0794902875372754,preferred,3.0
BLOG003,NumberOfTimes90DaysLate_final_bin_3+,1.0791125181115806,preferred,3.0
BLOG003,NumberOfTimes90DaysLate_final_bin_2,1.0551021445326256,preferred,3.0
BLOG003,RevolvingUtilization_final_bin_50-75%,1.044541414564439,preferred,3.0
BLOG003,RevolvingUtilization_final_bin_30-50%,1.0288733535166474,preferred,3.0
BLOG003,RevolvingUtilization_final_bin_15-30%,1.020727975267522,preferred,3.0
BLOG003,RevolvingUtilization_final_bin_5-15%,1.0145250863033204,preferred,3.0
BLOG003,RevolvingUtilization_final_bin_=0,1.0072184104895963,preferred,3.0
BLOG004,RevolvingUtilization_final_bin_75-100%,1.201902433287446,preferred,3.0
BLOG004,NumberOfTime30-59DaysPastDueNotWorse_final_bin_3+,1.1770079322221285,preferred,3.0
BLOG004,NumberOfTimes90DaysLate_final_bin_3+,1.1759227973870519,preferred,3.0
BLOG004,NumberOfTime30-59DaysPastDueNotWorse_final_bin_1,1.1735658680912493,preferred,3.0
BLOG004,NumberOfTime60-89DaysPastDueNotWorse_final_bin_3+,1.1715302419267495,preferred,3.0
BLOG004,NumberOfTime60-89DaysPastDueNotWorse_final_bin_1,1.1434230547138713,preferred,3.0
BLOG004,NumberOfTimes90DaysLate_final_bin_1,1.1274940749899118,preferred,3.0
BLOG004,NumberOfTime30-59DaysPastDueNotWorse_final_bin_2,1.0941404407912187,preferred,3.0
BLOG004,RevolvingUtilization_final_bin_100%+,1.0935305326206124,preferred,3.0
BLOG004,NumberOfTimes90DaysLate_final_bin_2,1.0762862865619673,preferred,3.0
BLOG004,NumberOfTime60-89DaysPastDueNotWorse_final_bin_2,1.0708881945844047,preferred,3.0
BLOG004,RevolvingUtilization_final_bin_50-75%,1.04757126234546,preferred,3.0
BLOG004,RevolvingUtilization_final_bin_30-50%,1.0301153588074912,preferred,3.0
BLOG004,RevolvingUtilization_final_bin_15-30%,1.0214379225383003,preferred,3.0
BLOG004,RevolvingUtilization_final_bin_5-15%,1.0149143553744704,preferred,3.0
BLOG004,RevolvingUtilization_final_bin_=0,1.0076329482490933,preferred,3.0
BLOG005,age_final_bin_v2_40-49,1.4701429018008427,preferred,3.0
BLOG005,age_final_bin_v2_50-59,1.4231693113436272,preferred,3.0
BLOG005,RevolvingUtilization_final_bin_75-100%,1.3874869546136464,preferred,3.0
BLOG005,RevolvingUtilization_final_bin_5-15%,1.351989810241034,preferred,3.0
BLOG005,age_final_bin_v2_60-69,1.2757671046889483,preferred,3.0
BLOG005,RevolvingUtilization_final_bin_15-30%,1.2383234146568707,preferred,3.0
BLOG005,RevolvingUtilization_final_bin_30-50%,1.2056631654169778,preferred,3.0
BLOG005,RevolvingUtilization_final_bin_50-75%,1.188472345264213,preferred,3.0
BLOG005,NumberOfTime30-59DaysPastDueNotWorse_final_bin_1,1.1814469018834968,preferred,3.0
BLOG005,NumberOfTime30-59DaysPastDueNotWorse_final_bin_3+,1.1796195789259074,preferred,3.0
BLOG005,NumberOfTimes90DaysLate_final_bin_3+,1.1762209039401037,preferred,3.0
BLOG005,NumberOfTime60-89DaysPastDueNotWorse_final_bin_3+,1.1716811559402946,preferred,3.0
BLOG005,NumberOfTime60-89DaysPastDueNotWorse_final_bin_1,1.1435578336086254,preferred,3.0
BLOG005,NumberOfTimes90DaysLate_final_bin_1,1.1275589984964007,preferred,3.0
BLOG005,age_final_bin_v2_70+,1.1208796558023952,preferred,3.0
BLOG005,RevolvingUtilization_final_bin_=0,1.1208178401115727,preferred,3.0
BLOG005,RevolvingUtilization_final_bin_100%+,1.1135920530715213,preferred,3.0
BLOG005,NumberOfTime30-59DaysPastDueNotWorse_final_bin_2,1.0963431445390073,preferred,3.0
BLOG005,NumberOfTimes90DaysLate_final_bin_2,1.076457557488937,preferred,3.0
BLOG005,NumberOfTime60-89DaysPastDueNotWorse_final_bin_2,1.0709112192309111,preferred,3.0
