cohort,model_id,cohort_size,high_risk_mix,mean_pd,p50_pd,p90_pd,approval_rate,predicted_default_rate,actual_default_rate,auc
baseline_mix,BLOG001,8000,0.15,0.0714746632679965,0.0347959969207082,0.184598776538323,0.978,0.022,0.06875,0.7552929835265405
baseline_mix,BLOG002,8000,0.15,0.07027957306606908,0.031541492355901,0.1176303056639665,0.955875,0.044125,0.06875,0.7970466137888956
baseline_mix,BLOG003,8000,0.15,0.07022644214004059,0.0256193382592646,0.1450491447917392,0.942625,0.057375,0.06875,0.8279476510067114
baseline_mix,BLOG004,8000,0.15,0.06979568532971282,0.0251241132045973,0.1604401986542368,0.942,0.058,0.06875,0.8362862721171446
baseline_mix,BLOG005,8000,0.15,0.06956388904748258,0.0284097407085003,0.14945933605080136,0.942,0.058,0.06875,0.8403443563148263
baseline_mix,BNB001,8000,0.15,0.11011663831293839,0.0050320653417302,0.4242530005192869,0.878875,0.121125,0.06875,0.847646735814521
baseline_mix,BNB002,8000,0.15,0.24573943870716863,0.06579773052003915,0.911204468483018,0.6972499999999999,0.30275,0.06875,0.847642586943258
baseline_mix,BNB003,8000,0.15,0.11011520949193362,0.00503244414411365,0.4242503118279393,0.878875,0.121125,0.06875,0.847646735814521
baseline_mix,BNB004,8000,0.15,0.2457369070100067,0.06580238109785445,0.9112035789892506,0.6972499999999999,0.30275,0.06875,0.8476425869432581
baseline_mix,BNB005,8000,0.15,0.11011342330832555,0.005032917506860499,0.42424694823859793,0.878875,0.121125,0.06875,0.8476472239170227
baseline_mix,BNB006,8000,0.15,0.24573374164327055,0.06580819253832446,0.9112024662018972,0.6972499999999999,0.30275,0.06875,0.8476430750457596
baseline_mix,BNB007,8000,0.15,0.11010806370923125,0.0050343366604762,0.4242368393098233,0.878875,0.121125,0.06875,0.8476438071995118
baseline_mix,BNB008,8000,0.15,0.24572424057730935,0.06582561498486869,0.911199121707444,0.6972499999999999,0.30275,0.06875,0.8476396583282491
baseline_mix,BNB009,8000,0.15,0.11009912755446052,0.0050366988026891,0.4242199306027419,0.878875,0.121125,0.06875,0.847646735814521
baseline_mix,BNB010,8000,0.15,0.24570838893236113,0.0658546128365864,0.911193527120911,0.6972499999999999,0.30275,0.06875,0.8476425869432581
baseline_mix,BNB011,8000,0.15,0.1100812421934516,0.005041411422339451,0.42418588666697976,0.878875,0.121125,0.06875,0.8476521049420377
baseline_mix,BNB012,8000,0.15,0.24567662376712354,0.0659124603706287,0.9111822614297093,0.6972499999999999,0.30275,0.06875,0.8476479560707748
baseline_mix,BNB013,8000,0.15,0.11004541953305597,0.00505079009596,0.42411689523068463,0.878875,0.121125,0.06875,0.8476469798657718
baseline_mix,BNB014,8000,0.15,0.24561284694951044,0.06602756413960575,0.9111594246797828,0.6972499999999999,0.30275,0.06875,0.8476428309945088
baseline_mix,BNB015,8000,0.15,0.10993754147418491,0.00506171708264165,0.42390274393514166,0.878875,0.121125,0.06875,0.8476494203782794
baseline_mix,BNB016,8000,0.15,0.24541956524662806,0.06616163667763675,0.911088485832933,0.6975,0.3025,0.06875,0.8476452715070164
baseline_mix,BNB017,8000,0.15,0.10975641303716953,0.0051122986725934,0.4235222408458807,0.878625,0.121375,0.06875,0.8476728492983526
baseline_mix,BNB018,8000,0.15,0.2450910597560436,0.0667818077576662,0.9109622526212879,0.6973750000000001,0.302625,0.06875,0.847668456375839
baseline_mix,CAT001,8000,0.15,0.06940802098803187,0.025417961605526902,0.16529658938318365,0.931125,0.068875,0.06875,0.8597079926784624
baseline_mix,CAT002,8000,0.15,0.06944308835115384,0.02570839675985765,0.166296740319329,0.93125,0.06875,0.06875,0.8611934106162294
baseline_mix,CAT003,8000,0.15,0.06950300377056697,0.025508147161714352,0.1653057465594716,0.92925,0.07075,0.06875,0.8597805979255644
baseline_mix,CAT004,8000,0.15,0.06952541944649766,0.02555741676892815,0.1650556004665444,0.930875,0.069125,0.06875,0.8593681513117755
baseline_mix,EASTACK001,8000,0.15,0.09096495089777894,0.028760917395042447,0.27300605369692477,0.887,0.113,0.06875,0.854381452104942
baseline_mix,ET001,8000,0.15,0.069846860071666,0.0465507200375562,0.14830527810376076,0.995,0.005,0.06875,0.8223331299572911
baseline_mix,ET002,8000,0.15,0.07033744640471776,0.04232354527805515,0.15699851576790574,0.983375,0.016625,0.06875,0.8322228187919464
baseline_mix,ET003,8000,0.15,0.07033728735337597,0.0408419666377156,0.1593520827348319,0.97325,0.02675,0.06875,0.8383936546674802
baseline_mix,ET004,8000,0.15,0.07028953949295931,0.04633214218555065,0.16080311034897618,0.999125,0.000875,0.06875,0.8142530811470409
baseline_mix,ET005,8000,0.15,0.38674238980355974,0.3221674034520403,0.7284537684274995,0.411875,0.588125,0.06875,0.8269991458206223
baseline_mix,GB001,8000,0.15,0.0699601904526993,0.0272206766727658,0.16628771879808932,0.9273750000000001,0.072625,0.06875,0.8608306284319707
baseline_mix,GB002,8000,0.15,0.06991015925676862,0.02703298763590755,0.1739362215208769,0.928,0.072,0.06875,0.8613262965222696
baseline_mix,GB003,8000,0.15,0.07004640460455441,0.0269608339264152,0.1660260504245478,0.927625,0.072375,0.06875,0.8612440512507626
baseline_mix,GB004,8000,0.15,0.0700506983446632,0.02704428589759505,0.16508852696829807,0.92725,0.07275,0.06875,0.8612157413056742
baseline_mix,GNB001,8000,0.15,0.025376815246675656,0.00033200371431104997,0.05601926144055218,0.980125,0.019875,0.06875,0.7674323367907261
baseline_mix,GNB007,8000,0.15,0.02689678005778735,0.00057820286551565,0.08799259739442167,0.983875,0.016125,0.06875,0.7779399633923123
baseline_mix,GNB008,8000,0.15,0.05261529190379875,0.0015122991448701,0.20470818581205735,0.924625,0.075375,0.06875,0.7797976815131177
baseline_mix,GNB009,8000,0.15,0.024778482767734415,0.00036868050341405,0.0657721286743222,0.983875,0.016125,0.06875,0.7757887736424649
baseline_mix,GNB010,8000,0.15,0.021315324305518555,0.00025668180089805,0.05004538486668596,0.985875,0.014125,0.06875,0.7750107382550335
baseline_mix,LASSOSTACK001,8000,0.15,0.06858052508478188,0.022464750322983153,0.1597528996128283,0.934625,0.065375,0.06875,0.8559436241610737
baseline_mix,LGB001,8000,0.15,0.06960835220543748,0.025748804376559152,0.174428667238887,0.92875,0.07125,0.06875,0.8607309334960342
baseline_mix,LGB002,8000,0.15,0.06940347218965431,0.02524056476482255,0.17846466400546457,0.9295,0.0705,0.06875,0.8620749237339842
baseline_mix,LGB003,8000,0.15,0.0696746792793321,0.0256326363776175,0.17653466748375063,0.928,0.072,0.06875,0.8623957291031117
baseline_mix,LGB004,8000,0.15,0.06983265046378839,0.0257795428385885,0.17492719688762032,0.92725,0.07275,0.06875,0.8618503965832823
baseline_mix,LRSTACK001,8000,0.15,0.06857967030610956,0.02214788232540245,0.16237931953900483,0.93375,0.06625,0.06875,0.8558860280658938
baseline_mix,NN001,8000,0.15,0.0661449799797862,0.02397385037796735,0.15581662658749454,0.93825,0.06175,0.06875,0.8540910311165346
baseline_mix,NN002,8000,0.15,0.06838832052196488,0.027685225779157302,0.15902193164948675,0.93925,0.06075,0.06875,0.8501539963392313
baseline_mix,NN003,8000,0.15,0.07065100177646262,0.023453223108347097,0.17499197082320622,0.926375,0.073625,0.06875,0.8591438682123246
baseline_mix,NN004,8000,0.15,0.0699878465519515,0.02633569052547345,0.16476292474271284,0.93075,0.06925,0.06875,0.8494031726662599
baseline_mix,NN005,8000,0.15,0.07143798106311516,0.0320658490297418,0.16505660484632706,0.950875,0.049125,0.06875,0.827700793166565
baseline_mix,NN006,8000,0.15,0.06793213177910438,0.0255627018570873,0.1594734741155527,0.936625,0.063375,0.06875,0.8543441122635753
baseline_mix,NN007,8000,0.15,0.0680797606488221,0.02371364974120605,0.16900426078960287,0.930875,0.069125,0.06875,0.8572317266625991
baseline_mix,NN008,8000,0.15,0.0610236863082711,0.019860877711981847,0.14879587015530807,0.938875,0.061125,0.06875,0.8589903599755949
baseline_mix,NN009,8000,0.15,0.06967999858637072,0.0268679399460805,0.1741773812075858,0.930375,0.069625,0.06875,0.8616209884075656
baseline_mix,NN010,8000,0.15,0.0785722345708933,0.0328705864169409,0.20129663581652454,0.923625,0.076375,0.06875,0.8524768761439903
baseline_mix,NN011,8000,0.15,0.06886721006361389,0.0280914441925801,0.160064956338464,0.93875,0.06125,0.06875,0.8494794386821234
baseline_mix,NN012,8000,0.15,0.0743258192718831,0.028619821988762298,0.17917807256353557,0.933375,0.066625,0.06875,0.8489308114704088
baseline_mix,NN013,8000,0.15,0.06762333537198592,0.0260996977922336,0.16000356980024086,0.9395,0.0605,0.06875,0.8522687004270896
baseline_mix,NN014,8000,0.15,0.0687393321043099,0.024243927131035452,0.1697485677936406,0.931125,0.068875,0.06875,0.8455610738255035
baseline_mix,NN015,8000,0.15,0.07527599785713908,0.0283186262683661,0.1890068374093393,0.924875,0.075125,0.06875,0.846915802318487
baseline_mix,NN016,8000,0.15,0.07474971718979999,0.0289436589857382,0.17669800425137247,0.931125,0.068875,0.06875,0.8459908480780964
baseline_mix,NN017,8000,0.15,0.06852103201832697,0.0276675845828755,0.16384109726326634,0.9355,0.0645,0.06875,0.8502473459426481
baseline_mix,NN018,8000,0.15,0.06683478067938324,0.024537030839407947,0.16851224617579116,0.92975,0.07025,0.06875,0.8594407565588773
baseline_mix,NN019,8000,0.15,0.07424143514060833,0.02766058197509355,0.18708918484697584,0.925125,0.074875,0.06875,0.8586202562538132
baseline_mix,NNSTACK001,8000,0.15,0.06684890598281551,0.0207413331522414,0.16130033147465644,0.937,0.063,0.06875,0.8566916412446614
baseline_mix,RASTACK001,8000,0.15,0.5205822032166922,0.5323203248767209,0.8789514860432426,0.21562499999999996,0.784375,0.06875,0.8451438682123246
baseline_mix,RF001,8000,0.15,0.06998393892819772,0.0288794741268339,0.15723579489301798,0.939625,0.060375,0.06875,0.8510311165344722
baseline_mix,RF002,8000,0.15,0.0698719254828853,0.028969081828535352,0.1682609106566845,0.935,0.065,0.06875,0.8549361805979256
baseline_mix,RF003,8000,0.15,0.06978177458564525,0.02858618772736235,0.17733306673774923,0.932625,0.067375,0.06875,0.8586987187309334
baseline_mix,RF004,8000,0.15,0.06998050598967193,0.02990248769221685,0.17229369303427186,0.936375,0.063625,0.06875,0.8542625991458206
baseline_mix,RF005,8000,0.15,0.34660935721035513,0.27345929013939957,0.7350690780104333,0.477125,0.522875,0.06875,0.8544446613788895
baseline_mix,RFSTACK001,8000,0.15,0.06974367138375043,0.0211968135318969,0.17065921082207708,0.9275,0.0725,0.06875,0.859592678462477
baseline_mix,RIDGESTACK001,8000,0.15,0.06899178070722517,0.023105889738874202,0.17051943561226696,0.930875,0.069125,0.06875,0.8559973154362417
baseline_mix,RLOG001,8000,0.15,0.0717436356344397,0.0344934993567015,0.19104043570485987,0.97175,0.02825,0.06875,0.7849461866992068
baseline_mix,RLOG002,8000,0.15,0.07101334921856335,0.0327238994098964,0.18579574238069368,0.962125,0.037875,0.06875,0.7856600366076876
baseline_mix,RLOG003,8000,0.15,0.07093564124021844,0.03276664223934915,0.1837953705723787,0.962125,0.037875,0.06875,0.7853225137278828
baseline_mix,RLOG004,8000,0.15,0.07092856424182513,0.032770847509427,0.18396768236860336,0.962125,0.037875,0.06875,0.7852644295302014
baseline_mix,RLOG005,8000,0.15,0.07388685534554316,0.03653414468203405,0.19465829078585734,0.967125,0.032875,0.06875,0.7860737034777303
baseline_mix,RLOG006,8000,0.15,0.07124547512716378,0.0330160099427739,0.18580427652260442,0.962625,0.037375,0.06875,0.7858108602806588
baseline_mix,RLOG007,8000,0.15,0.0709604666361486,0.03280444147395035,0.18398751417944179,0.962125,0.037875,0.06875,0.785333740085418
baseline_mix,RLOG008,8000,0.15,0.07093045055565558,0.0327826888638104,0.18392706410531245,0.962125,0.037875,0.06875,0.785272971323978
baseline_mix,T001,8000,0.15,0.06998970097284919,0.0223691888737599,0.1086944641783704,0.939125,0.060875,0.06875,0.7885319097010373
baseline_mix,T002,8000,0.15,0.07051027638902042,0.0124345773612013,0.1612903225806451,0.9215,0.0785,0.06875,0.8370769981696156
baseline_mix,T003,8000,0.15,0.07040593883273212,0.0159810594850547,0.1661649608669476,0.926,0.074,0.06875,0.84528322147651
baseline_mix,T004,8000,0.15,0.07082983337945756,0.0124345773612013,0.1612903225806451,0.918625,0.081375,0.06875,0.8367022574740696
baseline_mix,T005,8000,0.15,0.07069593105359459,0.0159810594850547,0.1841269841269841,0.922,0.078,0.06875,0.8465784014643074
baseline_mix,T006,8000,0.15,0.35458959248379335,0.3045732057290033,0.7067950967746957,0.46587500000000004,0.534125,0.06875,0.8400223306894448
baseline_mix,T007,8000,0.15,0.34769328195748056,0.2261246970901431,0.7351124031517605,0.506875,0.493125,0.06875,0.8481478950579623
baseline_mix,WASTACK001,8000,0.15,0.09247491137580564,0.02893519790938135,0.2794362173052618,0.886,0.114,0.06875,0.8545784014643075
baseline_mix,WASTACK002,8000,0.15,0.09267712582606977,0.0288475390099806,0.28112596438124177,0.8855,0.1145,0.06875,0.8546010982306285
baseline_mix,WASTACK003,8000,0.15,0.07532098768741449,0.02781294498220575,0.1961695782250017,0.9275,0.0725,0.06875,0.8545310555216596
baseline_mix,WASTACK004,8000,0.15,0.06944308835115384,0.02570839675985765,0.166296740319329,0.93125,0.06875,0.06875,0.8611934106162294
baseline_mix,WGNB001,8000,0.15,0.1148321618140061,0.0019814952237789,0.7092525653786376,0.885,0.115,0.06875,0.8470859060402685
baseline_mix,WGNB002,8000,0.15,0.1148321628731506,0.0019814953921963,0.7092525655441235,0.885,0.115,0.06875,0.8470859060402685
baseline_mix,WGNB003,8000,0.15,0.11483216286360873,0.001981495390679,0.7092525655426338,0.885,0.115,0.06875,0.8470859060402685
baseline_mix,WGNB004,8000,0.15,0.11483216276819029,0.0019814953755063,0.7092525655277259,0.885,0.115,0.06875,0.8470859060402685
baseline_mix,WGNB005,8000,0.15,0.1148321618140061,0.0019814952237789,0.7092525653786376,0.885,0.115,0.06875,0.8470859060402685
baseline_mix,WGNB006,8000,0.15,0.11483215227218976,0.0019814937065101,0.709252563887753,0.885,0.115,0.06875,0.8470859060402685
baseline_mix,WGNB007,8000,0.15,0.11483205685660662,0.001981478534306,0.7092525489791053,0.885,0.115,0.06875,0.8470854179377669
baseline_mix,WGNB008,8000,0.15,0.11483110295838031,0.001981326860677,0.7092523999109576,0.885,0.115,0.06875,0.8470878584502746
baseline_mix,WGNB009,8000,0.15,0.11482158934385388,0.00197976579148495,0.7092500813058438,0.885375,0.114625,0.06875,0.8471154362416107
baseline_mix,WGNB010,8000,0.15,0.11472861474485706,0.0019651625124165,0.7075924085359011,0.885375,0.114625,0.06875,0.8474348993288591
baseline_mix,WGNB011,8000,0.15,0.09923552917135713,0.0036028505675384,0.2134148722239428,0.904375,0.095625,0.06875,0.8318848078096401
baseline_mix,WGNB012,8000,0.15,0.1098631577490995,0.0017651579654156,0.6309230164031187,0.888625,0.111375,0.06875,0.844903111653447
baseline_mix,WGNB013,8000,0.15,0.11239095002626563,0.0018982948460064,0.6668437717495291,0.8865,0.1135,0.06875,0.8511432580841977
baseline_mix,WGNB014,8000,0.15,0.11319775337493998,0.0019101733392933,0.6777969941679475,0.886625,0.113375,0.06875,0.8493631482611348
baseline_mix,WLOG001,8000,0.15,0.07141768704072307,0.0345109062160399,0.1836957508367603,0.978,0.022,0.06875,0.7552929835265405
baseline_mix,WLOG002,8000,0.15,0.07021303880236884,0.030665691037261,0.1221835286151288,0.95575,0.04425,0.06875,0.7974510067114093
baseline_mix,WLOG003,8000,0.15,0.07010109335305865,0.0254336642014213,0.1625227181954918,0.942625,0.057375,0.06875,0.8288662599145822
baseline_mix,WLOG004,8000,0.15,0.06966454612149003,0.0252359397212404,0.1520010075797318,0.944625,0.055375,0.06875,0.8375441122635754
baseline_mix,WLOG005,8000,0.15,0.0694232982896841,0.0290619961560334,0.1490749862335103,0.94175,0.05825,0.06875,0.8394608907870653
baseline_mix,XGB001,8000,0.15,0.06975844855498868,0.026451701298356,0.1645326301455498,0.931125,0.068875,0.06875,0.8595637583892617
baseline_mix,XGB002,8000,0.15,0.06971499409378153,0.02640310581773515,0.16268140375614165,0.9315,0.0685,0.06875,0.8599651006711408
baseline_mix,XGB003,8000,0.15,0.06942203292023619,0.02734851278364655,0.16121006309986127,0.9359999999999999,0.064,0.06875,0.8575605857230016
baseline_mix,XGB004,8000,0.15,0.0694820061808568,0.027710273861885,0.16081891357898706,0.93575,0.06425,0.06875,0.8568185478950578
baseline_mix,XGBSTACK001,8000,0.15,0.06940502498135898,0.026787017472088302,0.18508230894804034,0.932625,0.067375,0.06875,0.8623022574740695
mild_risk_shift,BLOG001,8000,0.2,0.07656103090616981,0.0347959969207082,0.184598776538323,0.976,0.024,0.083,0.7648200490073709
mild_risk_shift,BLOG002,8000,0.2,0.07861376743087327,0.031541492355901,0.1176303056639665,0.944125,0.055875,0.083,0.8106460055051176
mild_risk_shift,BLOG003,8000,0.2,0.08015775952260765,0.0387657103157925,0.1820447295974901,0.92525,0.07475,0.083,0.8350010593081159
mild_risk_shift,BLOG004,8000,0.2,0.08072950230647129,0.0378319959910915,0.183424906937081,0.924,0.076,0.083,0.8437006272089448
mild_risk_shift,BLOG005,8000,0.2,0.08062116909554344,0.0336875688724992,0.1814857160835965,0.92275,0.07725,0.083,0.8455945510504395
mild_risk_shift,BNB001,8000,0.2,0.1394432508268793,0.007088349760919399,0.7029076484336534,0.842625,0.157375,0.083,0.8456395100576789
mild_risk_shift,BNB002,8000,0.2,0.28600331033612336,0.09042827202433651,0.9705438783318062,0.650875,0.349125,0.083,0.8456410497497077
mild_risk_shift,BNB003,8000,0.2,0.13944162591022377,0.007088562783374049,0.7029289127897491,0.842625,0.157375,0.083,0.8456401259344904
mild_risk_shift,BNB004,8000,0.2,0.28600069143191836,0.0904307630165133,0.9705467895139165,0.650875,0.349125,0.083,0.8456416656265192
mild_risk_shift,BNB005,8000,0.2,0.13943959453504004,0.00708882893672845,0.7029554869266056,0.842625,0.157375,0.083,0.8456399206422198
mild_risk_shift,BNB006,8000,0.2,0.2859974170275236,0.0904338751566966,0.9705504273289633,0.650875,0.349125,0.083,0.8456414603342487
mild_risk_shift,BNB007,8000,0.2,0.13943349888143192,0.00708962656557695,0.7029680937324362,0.84275,0.15725,0.083,0.8456364306736215
mild_risk_shift,BNB008,8000,0.2,0.28598758865645835,0.09044320091386675,0.9705521529205334,0.650875,0.349125,0.083,0.8456379703656501
mild_risk_shift,BNB009,8000,0.2,0.13942333437167562,0.00709095317759285,0.702894117877432,0.84275,0.15725,0.083,0.8456442317799004
mild_risk_shift,BNB010,8000,0.2,0.2859711908640478,0.09045870832001274,0.9705420245551896,0.650875,0.349125,0.083,0.8456457714719292
mild_risk_shift,BNB011,8000,0.2,0.13940298632387654,0.0070895130984067,0.7029808162566004,0.84275,0.15725,0.083,0.8456489535021219
mild_risk_shift,BNB012,8000,0.2,0.28593833101877203,0.0904418807664613,0.9705538888071353,0.650875,0.349125,0.083,0.8456504931941506
mild_risk_shift,BNB013,8000,0.2,0.13936221448818856,0.0070806891129563,0.7034035105535899,0.84275,0.15725,0.083,0.8456296560286951
mild_risk_shift,BNB014,8000,0.2,0.28587235538469624,0.0903387510802481,0.9706117079820582,0.650875,0.349125,0.083,0.8456311957207236
mild_risk_shift,BNB015,8000,0.2,0.1392393006255943,0.00709210598253435,0.7035697796846436,0.84275,0.15725,0.083,0.845621033753334
mild_risk_shift,BNB016,8000,0.2,0.2856724032490295,0.09047215096663819,0.9706344471580608,0.651,0.349,0.083,0.8456225734453628
mild_risk_shift,BNB017,8000,0.2,0.13903249870800363,0.0070817413894223,0.7008763202898677,0.84275,0.15725,0.083,0.845591471666382
mild_risk_shift,BNB018,8000,0.2,0.2853325441089967,0.0903510506165483,0.970265065654286,0.65125,0.34875,0.083,0.8455963986808739
mild_risk_shift,CAT001,8000,0.2,0.08187398026169083,0.03170550102315825,0.22930744133275624,0.91,0.09,0.083,0.8546178648618465
mild_risk_shift,CAT002,8000,0.2,0.08211264389752021,0.03219064665350145,0.23147177794940166,0.90825,0.09175,0.083,0.8560247327915808
mild_risk_shift,CAT003,8000,0.2,0.08204191680658239,0.0319553963101893,0.22990025023951527,0.9085,0.0915,0.083,0.8551404363364035
mild_risk_shift,CAT004,8000,0.2,0.08196164403065792,0.031703841457354,0.2270975265172324,0.909125,0.090875,0.083,0.854297198335326
mild_risk_shift,EASTACK001,8000,0.2,0.10746382677154695,0.0361253212313947,0.34880952127501236,0.8535,0.1465,0.083,0.8509487787573413
mild_risk_shift,ET001,8000,0.2,0.07524223274520346,0.052889193348201,0.1508679788287854,0.992,0.008,0.083,0.8260164430896979
mild_risk_shift,ET002,8000,0.2,0.07707894720968585,0.049415730393024146,0.16434373342711814,0.977125,0.022875,0.083,0.8338125197080579
mild_risk_shift,ET003,8000,0.2,0.07802231238533051,0.04738335823212675,0.17356267399898778,0.965125,0.034875,0.083,0.8389247078280406
mild_risk_shift,ET004,8000,0.2,0.0754987698975232,0.0533430235380533,0.16449005517260618,0.9985,0.0015,0.083,0.8176156780885813
mild_risk_shift,ET005,8000,0.2,0.4105668177498445,0.361814727878291,0.7351847232261678,0.373,0.627,0.083,0.8264063957575121
mild_risk_shift,GB001,8000,0.2,0.08283195846546403,0.03336092731706435,0.24049995347369207,0.904375,0.095625,0.083,0.8555994698532406
mild_risk_shift,GB002,8000,0.2,0.08306631390407103,0.03215964400121185,0.24699746704473496,0.900875,0.099125,0.083,0.855581096195031
mild_risk_shift,GB003,8000,0.2,0.0831027692350344,0.03302177433332505,0.24039304784911247,0.90375,0.09625,0.083,0.8555101677155732
mild_risk_shift,GB004,8000,0.2,0.08297918524527907,0.033603018587721606,0.2416910568425738,0.902625,0.097375,0.083,0.855842843839918
mild_risk_shift,GNB001,8000,0.2,0.03199274964126118,0.00044290104721350003,0.07528315735849511,0.97375,0.02625,0.083,0.759568056851178
mild_risk_shift,GNB007,8000,0.2,0.032189345222672,0.00078520708833755,0.09881477187116078,0.9795,0.0205,0.083,0.78966646985981
mild_risk_shift,GNB008,8000,0.2,0.062027692425216364,0.0019583929768069,0.23503908806856916,0.912125,0.087875,0.083,0.7748775226314198
mild_risk_shift,GNB009,8000,0.2,0.03076650746277077,0.0004689530476331,0.07934222111648868,0.978125,0.021875,0.083,0.7744902387631223
mild_risk_shift,GNB010,8000,0.2,0.026802792494849955,0.0003309185771993,0.059177430496280485,0.981,0.019,0.083,0.7742514838525312
mild_risk_shift,LASSOSTACK001,8000,0.2,0.08076044389460196,0.02433693863012365,0.2209058676351653,0.912625,0.087375,0.083,0.851364085020562
mild_risk_shift,LGB001,8000,0.2,0.08273853350588309,0.0317730434756189,0.24048907274305667,0.90425,0.09575,0.083,0.8542855993220428
mild_risk_shift,LGB002,8000,0.2,0.08272827940765753,0.0305258648224045,0.24349748783866876,0.902375,0.097625,0.083,0.8524942189696626
mild_risk_shift,LGB003,8000,0.2,0.08308091054176958,0.031741271125445045,0.23984915001802404,0.9035,0.0965,0.083,0.8552490359474978
mild_risk_shift,LGB004,8000,0.2,0.08300091370412555,0.03182596248866545,0.24066562965337568,0.904375,0.095625,0.083,0.8550807989318232
mild_risk_shift,LRSTACK001,8000,0.2,0.08079814977274237,0.0241414935772623,0.22093320938795907,0.911,0.089,0.083,0.8506607537018303
mild_risk_shift,NN001,8000,0.2,0.07789822028183188,0.028789880004792,0.20735477545838307,0.915875,0.084125,0.083,0.8504312369434115
mild_risk_shift,NN002,8000,0.2,0.07953658125249728,0.03300020018437345,0.2117237493310955,0.91975,0.08025,0.083,0.8471149456057601
mild_risk_shift,NN003,8000,0.2,0.08451199407679545,0.0293466947526226,0.24436111041627148,0.902625,0.097375,0.083,0.8491992780281432
mild_risk_shift,NN004,8000,0.2,0.08242487146414669,0.0327475723305009,0.22548992684555413,0.908875,0.091125,0.083,0.8485248929195518
mild_risk_shift,NN005,8000,0.2,0.08110377169322289,0.03786363750010445,0.19067353690929478,0.935875,0.064125,0.083,0.8278667423237114
mild_risk_shift,NN006,8000,0.2,0.07978641630384263,0.030860721937794898,0.2135835127147656,0.9143749999999999,0.085625,0.083,0.8501163186004651
mild_risk_shift,NN007,8000,0.2,0.08055739460093589,0.029514661874074,0.22606788508403214,0.9095,0.0905,0.083,0.8504973410545125
mild_risk_shift,NN008,8000,0.2,0.07237293388931186,0.0253135368924313,0.1997079521544115,0.919625,0.080375,0.083,0.8537637463704326
mild_risk_shift,NN009,8000,0.2,0.08290524078515504,0.0334352247798998,0.2351939490888066,0.908375,0.091625,0.083,0.852619241962397
mild_risk_shift,NN010,8000,0.2,0.09209339777865688,0.0389120142491443,0.25429731802913313,0.898625,0.101375,0.083,0.8492926860112204
mild_risk_shift,NN011,8000,0.2,0.0800150340639264,0.033346551433213495,0.21163537945368474,0.91975,0.08025,0.083,0.8467082616179002
mild_risk_shift,NN012,8000,0.2,0.08669389150486301,0.03483979963049985,0.23236994817574946,0.909875,0.090125,0.083,0.8470270805139861
mild_risk_shift,NN013,8000,0.2,0.07889827320248344,0.03134084348336655,0.20796291563886085,0.920625,0.079375,0.083,0.849295765395278
mild_risk_shift,NN014,8000,0.2,0.08078291460378344,0.02980019876219285,0.2302177184842912,0.90875,0.09125,0.083,0.8456812870347254
mild_risk_shift,NN015,8000,0.2,0.0884624854421397,0.0358314348180709,0.2543797296111163,0.898875,0.101125,0.083,0.8457034585999396
mild_risk_shift,NN016,8000,0.2,0.08731976117077604,0.0355050976281844,0.2334309239906053,0.907875,0.092125,0.083,0.8470020348569853
mild_risk_shift,NN017,8000,0.2,0.0811661728883006,0.034347340382010746,0.21629167975263366,0.912375,0.087625,0.083,0.8457070512146734
mild_risk_shift,NN018,8000,0.2,0.07998876765228559,0.0302004018269038,0.225808868320578,0.90925,0.09075,0.083,0.8528862245601818
mild_risk_shift,NN019,8000,0.2,0.08789168990121984,0.0333837631988472,0.2516066783158459,0.89925,0.10075,0.083,0.8563098837553048
mild_risk_shift,NNSTACK001,8000,0.2,0.07882658121254435,0.02296470712311635,0.21614101935941551,0.917125,0.082875,0.083,0.8509684868153091
mild_risk_shift,RASTACK001,8000,0.2,0.5493559316567932,0.5862340183412544,0.9033896177789678,0.19525000000000003,0.80475,0.083,0.8465065619621341
mild_risk_shift,RF001,8000,0.2,0.0805500069867725,0.0365840034491052,0.19499376312622924,0.91975,0.08025,0.083,0.8461559227641209
mild_risk_shift,RF002,8000,0.2,0.08142531576050338,0.0356475249283183,0.21885544427233353,0.912875,0.087125,0.083,0.8499682002272996
mild_risk_shift,RF003,8000,0.2,0.08202687238983826,0.036021567056749554,0.23023752441395015,0.908625,0.091375,0.083,0.8527868631012601
mild_risk_shift,RF004,8000,0.2,0.08126319061222484,0.0372315280016685,0.21411215340331669,0.9145,0.0855,0.083,0.8492929939496262
mild_risk_shift,RF005,8000,0.2,0.3764476125110083,0.31716648814894194,0.7835822882350365,0.4345,0.5655,0.083,0.8489886481586104
mild_risk_shift,RFSTACK001,8000,0.2,0.08205828596145436,0.0313295532943311,0.24280641074827236,0.903375,0.096625,0.083,0.8548788939837868
mild_risk_shift,RIDGESTACK001,8000,0.2,0.08093993737085244,0.02499319656271165,0.2307481590752027,0.908875,0.091125,0.083,0.8520877402740734
mild_risk_shift,RLOG001,8000,0.2,0.07859326620260594,0.03924975917139055,0.2012618796676036,0.963625,0.036375,0.083,0.7876054381101287
mild_risk_shift,RLOG002,8000,0.2,0.0784483637814764,0.0375908342409232,0.1956540331285279,0.951875,0.048125,0.083,0.786970058532932
mild_risk_shift,RLOG003,8000,0.2,0.07852010901455324,0.037427246209828,0.19551667188816005,0.9516249999999999,0.048375,0.083,0.7864397885982315
mild_risk_shift,RLOG004,8000,0.2,0.07852710392187819,0.03744723692185305,0.19514299928610754,0.9516249999999999,0.048375,0.083,0.7863691680571796
mild_risk_shift,RLOG005,8000,0.2,0.08095971661837231,0.04163411448986565,0.20313291257011526,0.958375,0.041625,0.083,0.7880769944554663
mild_risk_shift,RLOG006,8000,0.2,0.07870698125230895,0.0379887767987051,0.19564445537931766,0.9525,0.0475,0.083,0.7870419108276072
mild_risk_shift,RLOG007,8000,0.2,0.07854299893608797,0.03749894294627175,0.19545745060320865,0.9516249999999999,0.048375,0.083,0.786451900842191
mild_risk_shift,RLOG008,8000,0.2,0.0785302048390177,0.0374650594563774,0.1951776858505817,0.9516249999999999,0.048375,0.083,0.7863755321175652
mild_risk_shift,T001,8000,0.2,0.08094918048945443,0.0223691888737599,0.1682242990654205,0.92025,0.07975,0.083,0.7947296957732786
mild_risk_shift,T002,8000,0.2,0.08312955449579736,0.0407898396217669,0.2733423545331529,0.8955,0.1045,0.083,0.835610879997635
mild_risk_shift,T003,8000,0.2,0.08329544694638462,0.0250063791783618,0.2404214559386973,0.900625,0.099375,0.083,0.8408481937564871
mild_risk_shift,T004,8000,0.2,0.08262965103933499,0.0407898396217669,0.2662337662337662,0.895125,0.104875,0.083,0.8345162616113309
mild_risk_shift,T005,8000,0.2,0.08306304797649508,0.0250063791783618,0.2549889135254989,0.8995,0.1005,0.083,0.8396458995743059
mild_risk_shift,T006,8000,0.2,0.3843208747551576,0.3045732057290033,0.8401371983801676,0.41937500000000005,0.580625,0.083,0.8349060089868744
mild_risk_shift,T007,8000,0.2,0.3770757814139841,0.3288812724632279,0.8120981025213686,0.46162499999999995,0.538375,0.083,0.8407528354968401
mild_risk_shift,WASTACK001,8000,0.2,0.1093454181633899,0.0367366604659128,0.3570437787019833,0.852,0.148,0.083,0.8509771090906704
mild_risk_shift,WASTACK002,8000,0.2,0.10963503278799744,0.0365732807806215,0.3589632468042266,0.8505,0.1495,0.083,0.8509617121703826
mild_risk_shift,WASTACK003,8000,0.2,0.0878573510558733,0.03469295144908495,0.23689642405819777,0.90525,0.09475,0.083,0.8522133791436192
mild_risk_shift,WASTACK004,8000,0.2,0.08211264389752021,0.03219064665350145,0.23147177794940166,0.90825,0.09175,0.083,0.8560247327915808
mild_risk_shift,WGNB001,8000,0.2,0.1486849672169248,0.00286430627784645,0.993593467479894,0.850875,0.149125,0.083,0.8364183971436454
mild_risk_shift,WGNB002,8000,0.2,0.14868496795038075,0.0028643065174904,0.9935934665263444,0.850875,0.149125,0.083,0.8364183971436454
mild_risk_shift,WGNB003,8000,0.2,0.14868496794377298,0.00286430651533145,0.9935934665349344,0.850875,0.149125,0.083,0.8364183971436454
mild_risk_shift,WGNB004,8000,0.2,0.14868496787769583,0.0028643064937419003,0.9935934666208394,0.850875,0.149125,0.083,0.8364183971436454
mild_risk_shift,WGNB005,8000,0.2,0.1486849672169248,0.00286430627784645,0.993593467479894,0.850875,0.149125,0.083,0.8364183971436454
mild_risk_shift,WGNB006,8000,0.2,0.14868496060929356,0.0028643041188994,0.9935934760704126,0.850875,0.149125,0.083,0.8364183971436454
mild_risk_shift,WGNB007,8000,0.2,0.14868489454090733,0.0028642825301252,0.9935935619730984,0.850875,0.149125,0.083,0.8364192183127275
mild_risk_shift,WGNB008,8000,0.2,0.14868423464944847,0.00286406671207515,0.9935944207504278,0.850875,0.149125,0.083,0.8364261982499245
mild_risk_shift,WGNB009,8000,0.2,0.14867771474888503,0.0028619154771960496,0.9936029836194388,0.850875,0.149125,0.083,0.8364658196581309
mild_risk_shift,WGNB010,8000,0.2,0.14862008731780865,0.00284419202216295,0.9935743332103344,0.8505,0.1495,0.083,0.8368893376121718
mild_risk_shift,WGNB011,8000,0.2,0.1251529840953547,0.0066159268505833,0.7635234487364532,0.877875,0.122125,0.083,0.8354428482742311
mild_risk_shift,WGNB012,8000,0.2,0.14354803385410658,0.0019107693004949,0.9945528482991796,0.8532500000000001,0.14675,0.083,0.8404044545138023
mild_risk_shift,WGNB013,8000,0.2,0.14593400660810127,0.00255788639327705,0.9943323391225327,0.852625,0.147375,0.083,0.8407480111284834
mild_risk_shift,WGNB014,8000,0.2,0.14701200494632158,0.0026347683784363,0.9945555171355898,0.852125,0.147875,0.083,0.8408990035934358
mild_risk_shift,WLOG001,8000,0.2,0.07645926458747834,0.0345109062160399,0.1836957508367603,0.976,0.024,0.083,0.7648200490073709
mild_risk_shift,WLOG002,8000,0.2,0.07838669701277177,0.030665691037261,0.1221835286151288,0.944125,0.055875,0.083,0.8107995641234513
mild_risk_shift,WLOG003,8000,0.2,0.07989700557858836,0.0373362943638915,0.1811881528387344,0.92525,0.07475,0.083,0.8353985051438031
mild_risk_shift,WLOG004,8000,0.2,0.08026648370203164,0.0365497592538725,0.1698796590986027,0.928875,0.071125,0.083,0.8437494867693236
mild_risk_shift,WLOG005,8000,0.2,0.08018825473185784,0.0332785056464802,0.1817950004142864,0.92475,0.07525,0.083,0.8453635972461273
mild_risk_shift,XGB001,8000,0.2,0.08271695835466376,0.033049676567316,0.22952205240726478,0.911125,0.088875,0.083,0.8556473029522671
mild_risk_shift,XGB002,8000,0.2,0.08261789613781725,0.0333785861730575,0.2253495454788208,0.91025,0.08975,0.083,0.8559954786430345
mild_risk_shift,XGB003,8000,0.2,0.08204122491279846,0.0344193801283836,0.21345062851905827,0.915625,0.084375,0.083,0.8558282680887126
mild_risk_shift,XGB004,8000,0.2,0.0821135336742154,0.034610247239470454,0.21322306394577037,0.915875,0.084125,0.083,0.8553722113097976
mild_risk_shift,XGBSTACK001,8000,0.2,0.08238259768788699,0.03520445153117175,0.23616642355918885,0.910125,0.089875,0.083,0.8567589605970227
moderate_risk_shift,BLOG001,8000,0.25,0.08592244334140531,0.0347959969207082,0.184598776538323,0.962125,0.037875,0.1005,0.7461850005116164
moderate_risk_shift,BLOG002,8000,0.25,0.09101319865911862,0.0497864652106229,0.2221058587952178,0.92775,0.07225,0.1005,0.8059925324738176
moderate_risk_shift,BLOG003,8000,0.25,0.09398147270299405,0.0387657103157925,0.2481810646801834,0.907125,0.092875,0.1005,0.8322343085849242
moderate_risk_shift,BLOG004,8000,0.25,0.09490159418539394,0.0378319959910915,0.2479888003443553,0.903875,0.096125,0.1005,0.8432532480731418
moderate_risk_shift,BLOG005,8000,0.25,0.09515959272916477,0.0419719304152469,0.2403790889316386,0.903375,0.096625,0.1005,0.8479080072124091
moderate_risk_shift,BNB001,8000,0.25,0.17112059184342474,0.0099456570403465,0.8592478769818317,0.8055,0.1945,0.1005,0.8510971407553671
moderate_risk_shift,BNB002,8000,0.25,0.32638472596367196,0.1227274733772835,0.9883741154229165,0.602625,0.397375,0.1005,0.8511037088045045
moderate_risk_shift,BNB003,8000,0.25,0.1711186430702178,0.00994512836013,0.8592448715275453,0.8055,0.1945,0.1005,0.8510967950685704
moderate_risk_shift,BNB004,8000,0.25,0.3263819291396546,0.1227216926896972,0.9883738297504323,0.602625,0.397375,0.1005,0.8511033631177078
moderate_risk_shift,BNB005,8000,0.25,0.17111620688948026,0.0099444675079937,0.8592411138905052,0.8055,0.1945,0.1005,0.8510978321289605
moderate_risk_shift,BNB006,8000,0.25,0.3263784323381205,0.1227144667113647,0.9883734725790531,0.602625,0.397375,0.1005,0.8511044001780979
moderate_risk_shift,BNB007,8000,0.25,0.17110889691987857,0.0099424849393098,0.8592298355190993,0.80575,0.19425,0.1005,0.8510999062497407
moderate_risk_shift,BNB008,8000,0.25,0.32636793679290244,0.1226927879857754,0.9883724005264592,0.602625,0.397375,0.1005,0.8511064742988779
moderate_risk_shift,BNB009,8000,0.25,0.17109670888422832,0.0099391806182652,0.8592078486900648,0.80575,0.19425,0.1005,0.8510957580081804
moderate_risk_shift,BNB010,8000,0.25,0.3263504270996163,0.1226566541520167,0.9883703116315222,0.602625,0.397375,0.1005,0.8511021532139194
moderate_risk_shift,BNB011,8000,0.25,0.17107231502657466,0.0099325718341134,0.8591533480002158,0.80575,0.19425,0.1005,0.8510954123213836
moderate_risk_shift,BNB012,8000,0.25,0.32631534365155346,0.1225843767241835,0.9883651362859721,0.602625,0.397375,0.1005,0.8511016346837242
moderate_risk_shift,BNB013,8000,0.25,0.17102345645481296,0.0099193537563304,0.8590440856593602,0.80575,0.19425,0.1005,0.8510924739836117
moderate_risk_shift,BNB014,8000,0.25,0.32624492152197754,0.1224397834582428,0.9883547582166265,0.602625,0.397375,0.1005,0.8510986963459524
moderate_risk_shift,BNB015,8000,0.25,0.1708763197666132,0.0098796966464078,0.8587142140032797,0.80575,0.19425,0.1005,0.85110102973183
moderate_risk_shift,BNB016,8000,0.25,0.3260316338840051,0.1220057092710535,0.9883234050096578,0.6025,0.3975,0.1005,0.8511075113592681
moderate_risk_shift,BNB017,8000,0.25,0.170629260387459,0.0098258270521717,0.8576983199023649,0.80575,0.19425,0.1005,0.8511373268454836
moderate_risk_shift,BNB018,8000,0.25,0.32566955172447765,0.12141543709991665,0.9882266695796349,0.602875,0.397125,0.1005,0.8511459690154011
moderate_risk_shift,CAT001,8000,0.25,0.09758316312135672,0.038275161947685,0.2831066125978462,0.883875,0.116125,0.1005,0.8598154481898457
moderate_risk_shift,CAT002,8000,0.25,0.09786030217505991,0.0386210822416384,0.2888975983084682,0.8835,0.1165,0.1005,0.8603291387697423
moderate_risk_shift,CAT003,8000,0.25,0.09765862507346021,0.0390031448922005,0.2852720057661238,0.8825000000000001,0.1175,0.1005,0.8598405104826063
moderate_risk_shift,CAT004,8000,0.25,0.09754777381025574,0.039021808519887055,0.2861761990913473,0.8845,0.1155,0.1005,0.8599494018235669
moderate_risk_shift,EASTACK001,8000,0.25,0.12621370906805668,0.04622491632500845,0.3976258285422215,0.819,0.181,0.1005,0.8566369445158863
moderate_risk_shift,ET001,8000,0.25,0.08186123549862913,0.059218172103285505,0.16009570808845414,0.98975,0.01025,0.1005,0.8239366155603307
moderate_risk_shift,ET002,8000,0.25,0.08515587980012426,0.057913880104769,0.18081579294579683,0.969,0.031,0.1005,0.8341227955552974
moderate_risk_shift,ET003,8000,0.25,0.0871037644507221,0.0562843541723236,0.19670056100767655,0.948875,0.051125,0.1005,0.8412688330166842
moderate_risk_shift,ET004,8000,0.25,0.0820353309698942,0.0594820435138111,0.171328544948474,0.998375,0.001625,0.1005,0.8132624986518215
moderate_risk_shift,ET005,8000,0.25,0.43656079262606323,0.4005953443548699,0.7623280098279318,0.33987500000000004,0.660125,0.1005,0.8250561222514443
moderate_risk_shift,GB001,8000,0.25,0.09806212187322413,0.03964192576596125,0.3020398446926583,0.87875,0.12125,0.1005,0.8580605691663971
moderate_risk_shift,GB002,8000,0.25,0.09832599513709814,0.0386382571419183,0.2984553261763103,0.877,0.123,0.1005,0.8579093311928405
moderate_risk_shift,GB003,8000,0.25,0.09811141975222241,0.03906590274647205,0.2973678769657916,0.878375,0.121625,0.1005,0.8582549315678417
moderate_risk_shift,GB004,8000,0.25,0.09797239792028756,0.0394899258118486,0.30191927449542905,0.87725,0.12275,0.1005,0.8581736951706171
moderate_risk_shift,GNB001,8000,0.25,0.03785477741549576,0.00061377499925215,0.0992057203377295,0.966625,0.033375,0.1005,0.7606951173814087
moderate_risk_shift,GNB007,8000,0.25,0.03963004030024355,0.0011253643249109,0.11553793194870368,0.973625,0.026375,0.1005,0.7742056808785422
moderate_risk_shift,GNB008,8000,0.25,0.07541276377965518,0.00283051620442635,0.26626011327672294,0.888625,0.111375,0.1005,0.7733861439052652
moderate_risk_shift,GNB009,8000,0.25,0.03762501114859628,0.00072644085180855,0.10105426239413196,0.972,0.028,0.1005,0.7751864807424799
moderate_risk_shift,GNB010,8000,0.25,0.033004516424786315,0.0005055795817345,0.08011136191622933,0.976,0.024,0.1005,0.7737826466610804
moderate_risk_shift,LASSOSTACK001,8000,0.25,0.09641617534655891,0.0269369625243446,0.27962163699407117,0.88825,0.11175,0.1005,0.8570916954969456
moderate_risk_shift,LGB001,8000,0.25,0.09813586111199649,0.0385845932607401,0.2937710891038865,0.879,0.121,0.1005,0.8582716109557824
moderate_risk_shift,LGB002,8000,0.25,0.09798104879136649,0.037633967592400855,0.2963423324610752,0.877375,0.122625,0.1005,0.8587441648068717
moderate_risk_shift,LGB003,8000,0.25,0.09823974298830059,0.03869879880325275,0.2948748233828115,0.878125,0.121875,0.1005,0.8589787997201319
moderate_risk_shift,LGB004,8000,0.25,0.09815043915522145,0.0388223470672944,0.2946275402328671,0.88075,0.11925,0.1005,0.8593689936919073
moderate_risk_shift,LRSTACK001,8000,0.25,0.09650503691615202,0.02675311351636575,0.2828076088197484,0.886875,0.113125,0.1005,0.8564578787551956
moderate_risk_shift,NN001,8000,0.25,0.09267302706172649,0.03552167519121405,0.26362067521331456,0.893375,0.106625,0.1005,0.8554922026886136
moderate_risk_shift,NN002,8000,0.25,0.09388457826345362,0.03938323576262235,0.25721370293384505,0.89475,0.10525,0.1005,0.8497639996238928
moderate_risk_shift,NN003,8000,0.25,0.10077054045150319,0.03678241658635405,0.3165148574731109,0.874125,0.125875,0.1005,0.8569032961927439
moderate_risk_shift,NN004,8000,0.25,0.0964059935513461,0.04007312088255535,0.2796762057149333,0.883875,0.116125,0.1005,0.8528985146529721
moderate_risk_shift,NN005,8000,0.25,0.09362747008480644,0.04625493669171825,0.22263142199499997,0.914,0.086,0.1005,0.8229302348734371
moderate_risk_shift,NN006,8000,0.25,0.09469599134547947,0.03807970718234545,0.26597008644739656,0.890125,0.109875,0.1005,0.8555526978780361
moderate_risk_shift,NN007,8000,0.25,0.09566502789845552,0.03668259476075355,0.28763987265615854,0.879875,0.120125,0.1005,0.8582834507285695
moderate_risk_shift,NN008,8000,0.25,0.0865183009942557,0.031491345949213656,0.26196857248361366,0.8941250000000001,0.105875,0.1005,0.8582571785320203
moderate_risk_shift,NN009,8000,0.25,0.0983818941067204,0.042066596495535596,0.2907527147245714,0.881,0.119,0.1005,0.8574614075260164
moderate_risk_shift,NN010,8000,0.25,0.10842371563886834,0.04596281110716175,0.317053590612778,0.867625,0.132375,0.1005,0.8526140144192877
moderate_risk_shift,NN011,8000,0.25,0.09430865122309795,0.0398236744539692,0.25950326424525866,0.89525,0.10475,0.1005,0.8493519409622261
moderate_risk_shift,NN012,8000,0.25,0.1027238054349454,0.04220827543444755,0.2886398096383054,0.8805000000000001,0.1195,0.1005,0.8494034482949344
moderate_risk_shift,NN013,8000,0.25,0.09396958258530046,0.0376089274263288,0.26300031773699,0.894,0.106,0.1005,0.8523267486912297
moderate_risk_shift,NN014,8000,0.25,0.09472093939332163,0.037799029756661454,0.2797439180919592,0.883375,0.116625,0.1005,0.8530169123808418
moderate_risk_shift,NN015,8000,0.25,0.10351384051391878,0.044003407422191096,0.3144026410613922,0.870625,0.129375,0.1005,0.8523137854363536
moderate_risk_shift,NN016,8000,0.25,0.10198427493392397,0.0431117018651224,0.27876071742600456,0.88225,0.11775,0.1005,0.8507148111582167
moderate_risk_shift,NN017,8000,0.25,0.09480475125449676,0.041620962890976,0.2736303042041605,0.8895,0.1105,0.1005,0.8521476829305391
moderate_risk_shift,NN018,8000,0.25,0.09431571767680952,0.03799810660518915,0.28730950301470665,0.88275,0.11725,0.1005,0.8570330151632057
moderate_risk_shift,NN019,8000,0.25,0.10377644857039411,0.041678177013090095,0.30967071373547683,0.872,0.128,0.1005,0.85618400839051
moderate_risk_shift,NNSTACK001,8000,0.25,0.09434257746391352,0.0260255605234073,0.2642974240325802,0.89325,0.10675,0.1005,0.857397973998822
moderate_risk_shift,RASTACK001,8000,0.25,0.5800579237510319,0.6334921737287191,0.9225581252649666,0.17037500000000005,0.829625,0.1005,0.8450459798008292
moderate_risk_shift,RF001,8000,0.25,0.09312596900785676,0.04179945484929875,0.2583498108905298,0.896875,0.103125,0.1005,0.8528019816149934
moderate_risk_shift,RF002,8000,0.25,0.09507119876444169,0.0435231381158758,0.2731550032107594,0.8885,0.1115,0.1005,0.8563478639321458
moderate_risk_shift,RF003,8000,0.25,0.09628508365751899,0.0441577837156413,0.2831205021239079,0.88275,0.11725,0.1005,0.8582613267735806
moderate_risk_shift,RF004,8000,0.25,0.09448450484470236,0.0449639570578622,0.2668067505733577,0.891125,0.108875,0.1005,0.8547765445977451
moderate_risk_shift,RF005,8000,0.25,0.4074871955679056,0.3686409736504044,0.8277166258914677,0.394875,0.605125,0.1005,0.8547098270459819
moderate_risk_shift,RFSTACK001,8000,0.25,0.0973506274817241,0.04000215836699045,0.29512153817578735,0.874375,0.125625,0.1005,0.8590787896260774
moderate_risk_shift,RIDGESTACK001,8000,0.25,0.09627912251688599,0.027546079545822347,0.2875492840067977,0.883375,0.116625,0.1005,0.8580715447221923
moderate_risk_shift,RLOG001,8000,0.25,0.08823369685083043,0.0448096112756705,0.2133567737833095,0.950625,0.049375,0.1005,0.7731872875754634
moderate_risk_shift,RLOG002,8000,0.25,0.08866254424994928,0.0431686781423636,0.21411585097776378,0.934875,0.065125,0.1005,0.7731986952397546
moderate_risk_shift,RLOG003,8000,0.25,0.08875616082654757,0.0429190179632335,0.21466757512995818,0.934375,0.065625,0.1005,0.7727287340396406
moderate_risk_shift,RLOG004,8000,0.25,0.08876658012595194,0.0430163400058796,0.21446854495600948,0.934375,0.065625,0.1005,0.7726611522708857
moderate_risk_shift,RLOG005,8000,0.25,0.09068338199074395,0.04781572002320365,0.21647809295637702,0.944375,0.055625,0.1005,0.7734125025235137
moderate_risk_shift,RLOG006,8000,0.25,0.08887915369354855,0.0433873251466615,0.21444058419611262,0.93475,0.06525,0.1005,0.7730906681157856
moderate_risk_shift,RLOG007,8000,0.25,0.08877611611457954,0.04299089357237225,0.21476087631731253,0.934375,0.065625,0.1005,0.7727067829280503
moderate_risk_shift,RLOG008,8000,0.25,0.08876903139298303,0.0430316825828973,0.21444793084246738,0.934625,0.065375,0.1005,0.7726587324633087
moderate_risk_shift,T001,8000,0.25,0.09304245465289675,0.0223691888737599,0.3471223021582734,0.898375,0.101625,0.1005,0.8026881988058595
moderate_risk_shift,T002,8000,0.25,0.09651118816951348,0.0407898396217669,0.2812939521800281,0.8694999999999999,0.1305,0.1005,0.8423503141601609
moderate_risk_shift,T003,8000,0.25,0.09737588868491953,0.0470078613829616,0.2806122448979591,0.876125,0.123875,0.1005,0.8488879428593553
moderate_risk_shift,T004,8000,0.25,0.0961544895169331,0.0407898396217669,0.2812939521800281,0.867375,0.132625,0.1005,0.8415128878951545
moderate_risk_shift,T005,8000,0.25,0.09723138277419353,0.0394495412844036,0.2866666666666667,0.874125,0.125875,0.1005,0.8469366273136818
moderate_risk_shift,T006,8000,0.25,0.4128878165070454,0.3877490741907545,0.847804174414763,0.388375,0.611625,0.1005,0.8407369938799609
moderate_risk_shift,T007,8000,0.25,0.40858658147258364,0.368562646427875,0.8516984863459017,0.421625,0.578375,0.1005,0.8449499652930456
moderate_risk_shift,WASTACK001,8000,0.25,0.12846519040954554,0.0466992272043201,0.4082840542064743,0.815625,0.184375,0.1005,0.8567240575886549
moderate_risk_shift,WASTACK002,8000,0.25,0.12883411486218838,0.0466264735080206,0.410896521736535,0.814375,0.185625,0.1005,0.8567309713245888
moderate_risk_shift,WASTACK003,8000,0.25,0.10320290533835445,0.043809511550979854,0.2868801392829181,0.879,0.121,0.1005,0.8573850107439457
moderate_risk_shift,WASTACK004,8000,0.25,0.09786030217505991,0.0386210822416384,0.2888975983084682,0.8835,0.1165,0.1005,0.8603291387697423
moderate_risk_shift,WGNB001,8000,0.25,0.1823929624915585,0.0041210894602952,0.9992626949476924,0.81275,0.18725,0.1005,0.8474516142190659
moderate_risk_shift,WGNB002,8000,0.25,0.18239296391005397,0.0041210898031449,0.9992626950507107,0.81275,0.18725,0.1005,0.8474516142190659
moderate_risk_shift,WGNB003,8000,0.25,0.1823929638972747,0.0041210898000562,0.9992626950497824,0.81275,0.18725,0.1005,0.8474516142190659
moderate_risk_shift,WGNB004,8000,0.25,0.18239296376948227,0.0041210897691688,0.9992626950405016,0.81275,0.18725,0.1005,0.8474516142190659
moderate_risk_shift,WGNB005,8000,0.25,0.1823929624915585,0.0041210894602952,0.9992626949476924,0.81275,0.18725,0.1005,0.8474516142190659
moderate_risk_shift,WGNB006,8000,0.25,0.18239294971234737,0.0041210863715691,0.9992626940196006,0.81275,0.18725,0.1005,0.8474516142190659
moderate_risk_shift,WGNB007,8000,0.25,0.18239282192291792,0.0041210554853088,0.999262684738776,0.81275,0.18725,0.1005,0.8474524784360576
moderate_risk_shift,WGNB008,8000,0.25,0.18239154429652077,0.004120746722753,0.9992625919399372,0.81275,0.18725,0.1005,0.8474548982436346
moderate_risk_shift,WGNB009,8000,0.25,0.18237879456166572,0.0041176690680836,0.99926166488907,0.812875,0.187125,0.1005,0.8474692442456977
moderate_risk_shift,WGNB010,8000,0.25,0.18225369256744722,0.004087856977601,0.9992524854062697,0.812875,0.187125,0.1005,0.8475822838282185
moderate_risk_shift,WGNB011,8000,0.25,0.1552707244489121,0.0066159268505833,0.9851514328432506,0.8478749999999999,0.152125,0.1005,0.8376480230863471
moderate_risk_shift,WGNB012,8000,0.25,0.17478931584981272,0.0032463729134338,0.998788495636566,0.8185,0.1815,0.1005,0.8487198526544597
moderate_risk_shift,WGNB013,8000,0.25,0.17931628978478478,0.0040384541244167,0.9989884800478868,0.81575,0.18425,0.1005,0.85102350946767
moderate_risk_shift,WGNB014,8000,0.25,0.18040427639220408,0.0038018645191341,0.9990714437721248,0.814875,0.185125,0.1005,0.8505201894916745
moderate_risk_shift,WLOG001,8000,0.25,0.0859083384104498,0.0345109062160399,0.1836957508367603,0.962125,0.037875,0.1005,0.7461850005116164
moderate_risk_shift,WLOG002,8000,0.25,0.09101891545082379,0.0471144635306888,0.2102150042440843,0.9273750000000001,0.072625,0.1005,0.8070183580430255
moderate_risk_shift,WLOG003,8000,0.25,0.09396134855280214,0.0373362943638915,0.2494952631878424,0.907125,0.092875,0.1005,0.8331211680618585
moderate_risk_shift,WLOG004,8000,0.25,0.09467216309361305,0.0365497592538725,0.2477632967936848,0.910875,0.089125,0.1005,0.8438331376746064
moderate_risk_shift,WLOG005,8000,0.25,0.09487221284572321,0.0406351707704605,0.2403897722257964,0.904,0.096,0.1005,0.8485216012765522
moderate_risk_shift,XGB001,8000,0.25,0.09801126785101946,0.039730718359351144,0.2856829941272737,0.886,0.114,0.1005,0.8594459090041731
moderate_risk_shift,XGB002,8000,0.25,0.09791652803675965,0.040221719071269,0.285236468911171,0.88625,0.11375,0.1005,0.8591816314480959
moderate_risk_shift,XGB003,8000,0.25,0.09712740794464476,0.0411283075809478,0.27003977596759804,0.892375,0.107625,0.1005,0.8587419178426932
moderate_risk_shift,XGB004,8000,0.25,0.09706415412656492,0.0411884039640426,0.268853035569191,0.8925,0.1075,0.1005,0.8585396046449243
moderate_risk_shift,XGBSTACK001,8000,0.25,0.09836208217358212,0.0403694175183773,0.28579216599464413,0.88325,0.11675,0.1005,0.8604256718077207
high_risk_shift,BLOG001,8000,0.3,0.0916287911547107,0.0568161354222942,0.184598776538323,0.96175,0.03825,0.116625,0.7521911315534319
high_risk_shift,BLOG002,8000,0.3,0.09990842107449206,0.0497864652106229,0.2221058587952178,0.914875,0.085125,0.116625,0.8050803282196693
high_risk_shift,BLOG003,8000,0.3,0.10479542390634004,0.0575651482483919,0.2904762018013412,0.8885,0.1115,0.116625,0.8352469571977661
high_risk_shift,BLOG004,8000,0.3,0.10636788072792908,0.0522632894623659,0.257547757394372,0.884125,0.115875,0.116625,0.8440061751622162
high_risk_shift,BLOG005,8000,0.3,0.10674590721302123,0.0470302456204752,0.2796538254141835,0.8831249999999999,0.116875,0.116625,0.8450189891243073
high_risk_shift,BNB001,8000,0.3,0.20517172724772237,0.0159180583627103,0.9402243936158212,0.76475,0.23525,0.116625,0.8453578829245905
high_risk_shift,BNB002,8000,0.3,0.3730921411811948,0.1838493088443167,0.9954555475313516,0.5465,0.4535,0.116625,0.8453732768474944
high_risk_shift,BNB003,8000,0.3,0.20516967033466346,0.015916359472601,0.9402214941593339,0.76475,0.23525,0.116625,0.8453568212747351
high_risk_shift,BNB004,8000,0.3,0.37308915678754506,0.1838330352233324,0.9954553141284576,0.5465,0.4535,0.116625,0.845372215197639
high_risk_shift,BNB005,8000,0.3,0.20516709883816428,0.0159142361304666,0.9402178691801818,0.76475,0.23525,0.116625,0.8453572762675303
high_risk_shift,BNB006,8000,0.3,0.3730854254545743,0.1838126949547792,0.9954550223191199,0.5465,0.4535,0.116625,0.8453726701904342
high_risk_shift,BNB007,8000,0.3,0.20515938198254907,0.015907867907012,0.9402069898529427,0.76475,0.23525,0.116625,0.8453607645456267
high_risk_shift,BNB008,8000,0.3,0.3730742258530854,0.1837516858662902,0.9954541465196697,0.5465,0.4535,0.116625,0.8453761584685308
high_risk_shift,BNB009,8000,0.3,0.20514651268015832,0.0158972602085741,0.940188843011435,0.76475,0.23525,0.116625,0.8453593995672413
high_risk_shift,BNB010,8000,0.3,0.37305554119704687,0.1836500431051329,0.995452685615992,0.5465,0.4535,0.116625,0.8453747934901452
high_risk_shift,BNB011,8000,0.3,0.20512074461896973,0.0158760673203423,0.9401524944917268,0.76475,0.23525,0.116625,0.8453615228669521
high_risk_shift,BNB012,8000,0.3,0.3730181020964193,0.1834469039996059,0.9954497591679154,0.5465,0.4535,0.116625,0.8453769167898559
high_risk_shift,BNB013,8000,0.3,0.20506909128857845,0.015854990137434598,0.9400795782882698,0.76475,0.23525,0.116625,0.8453654661378437
high_risk_shift,BNB014,8000,0.3,0.3729429459960103,0.1832447360186569,0.9954438877202989,0.5465,0.4535,0.116625,0.8453808600607476
high_risk_shift,BNB015,8000,0.3,0.20491320612398228,0.0157743336760904,0.9398076714136583,0.76475,0.23525,0.116625,0.8453897324202538
high_risk_shift,BNB016,8000,0.3,0.37271527995986375,0.1824704746685612,0.9954219897885602,0.5465,0.4535,0.116625,0.8454051263431578
high_risk_shift,BNB017,8000,0.3,0.20465039414212233,0.0157013924756681,0.9393022943387792,0.764875,0.235125,0.116625,0.8454616212818937
high_risk_shift,BNB018,8000,0.3,0.37232867591453145,0.18176907786468877,0.9953812598066752,0.5469999999999999,0.453,0.116625,0.8454741335837613
high_risk_shift,CAT001,8000,0.3,0.1103867841808534,0.047162831495201,0.3212009169142771,0.86025,0.13975,0.116625,0.8557907918861438
high_risk_shift,CAT002,8000,0.3,0.11079413224820135,0.04696487164116375,0.3262093798647578,0.859375,0.140625,0.116625,0.8565181737013862
high_risk_shift,CAT003,8000,0.3,0.1107053225565465,0.04746412138190505,0.32827567863540447,0.858,0.142,0.116625,0.8560850205603661
high_risk_shift,CAT004,8000,0.3,0.1104123961552478,0.0472897072013454,0.3243222780845348,0.858,0.142,0.116625,0.8558308312521203
high_risk_shift,EASTACK001,8000,0.3,0.14349875946689727,0.06068437737061825,0.42976124272061883,0.78175,0.21825,0.116625,0.8505027139561913
high_risk_shift,ET001,8000,0.3,0.0873701490373443,0.06804606738952171,0.16640422605816424,0.989875,0.010125,0.116625,0.8215638830359121
high_risk_shift,ET002,8000,0.3,0.09200154353167521,0.06921735894674111,0.19065265812803558,0.967375,0.032625,0.116625,0.8314005997715026
high_risk_shift,ET003,8000,0.3,0.09493231837691002,0.06813702453943629,0.2108572849650628,0.944,0.056,0.116625,0.8373760201507208
high_risk_shift,ET004,8000,0.3,0.08758804102711906,0.06887824992403854,0.1749197092038409,0.99825,0.00175,0.116625,0.8089004477280769
high_risk_shift,ET005,8000,0.3,0.46072288804430217,0.45739444695096576,0.7696172764410533,0.29837499999999995,0.701625,0.116625,0.8230354813998187
high_risk_shift,GB001,8000,0.3,0.11129971911252884,0.0475563848569309,0.3386100968518182,0.85475,0.14525,0.116625,0.8549172057193807
high_risk_shift,GB002,8000,0.3,0.11145705195228973,0.046450182406777896,0.33552196314649413,0.85275,0.14725,0.116625,0.8554279351319805
high_risk_shift,GB003,8000,0.3,0.11134627118602358,0.046746915017366095,0.3443334085023924,0.856375,0.143625,0.116625,0.8554477273185713
high_risk_shift,GB004,8000,0.3,0.11120568237587063,0.047630806504734696,0.3417232188549088,0.854125,0.145875,0.116625,0.8550927571061913
high_risk_shift,GNB001,8000,0.3,0.043601755411066125,0.0009510399787506,0.11925049624840624,0.962,0.038,0.116625,0.7516336137150601
high_risk_shift,GNB007,8000,0.3,0.04512041168136258,0.00180369157796395,0.1222431056469289,0.970125,0.029875,0.116625,0.7738522010503964
high_risk_shift,GNB008,8000,0.3,0.08479241220548053,0.004490551133723699,0.28051842249647213,0.869625,0.130375,0.116625,0.7657647041159104
high_risk_shift,GNB009,8000,0.3,0.042649116320083086,0.0010637508635126499,0.11369227876683444,0.968,0.032,0.116625,0.7648314380608451
high_risk_shift,GNB010,8000,0.3,0.03706651509507542,0.0007373338321515,0.08997214940566862,0.97325,0.02675,0.116625,0.7635347844266887
high_risk_shift,LASSOSTACK001,8000,0.3,0.10995078948960349,0.0317603735442688,0.3240648435969081,0.86525,0.13475,0.116625,0.8524626712536008
high_risk_shift,LGB001,8000,0.3,0.11168224391145411,0.046464578550688196,0.3426412590826298,0.8538749999999999,0.146125,0.116625,0.8550275414722142
high_risk_shift,LGB002,8000,0.3,0.11154994167667401,0.04503954555445605,0.34530097252752967,0.851375,0.148625,0.116625,0.8543245017715144
high_risk_shift,LGB003,8000,0.3,0.11162168249304896,0.046293546877252456,0.338170271462768,0.85425,0.14575,0.116625,0.8558131623652406
high_risk_shift,LGB004,8000,0.3,0.11170712196466658,0.04656621271937075,0.34004795091323553,0.856125,0.143875,0.116625,0.856071598272908
high_risk_shift,LRSTACK001,8000,0.3,0.11006377239526571,0.03159816685994065,0.3285758812961594,0.864,0.136,0.116625,0.851493839928378
high_risk_shift,NN001,8000,0.3,0.10515030873631707,0.04303658905198325,0.30675192193613476,0.87075,0.12925,0.116625,0.8528720131050059
high_risk_shift,NN002,8000,0.3,0.10600545548486405,0.0483834334083031,0.30666880362712184,0.87325,0.12675,0.116625,0.8498397894536005
high_risk_shift,NN003,8000,0.3,0.11449741113490246,0.0452514385983741,0.3680016173203149,0.8515,0.1485,0.116625,0.8514854983937995
high_risk_shift,NN004,8000,0.3,0.10955903078240632,0.0488845775254199,0.3250873019589867,0.8608750000000001,0.139125,0.116625,0.8500289906242666
high_risk_shift,NN005,8000,0.3,0.10327623604471481,0.057754715955595504,0.2503584456801096,0.899375,0.100625,0.116625,0.8265661496583534
high_risk_shift,NN006,8000,0.3,0.1073965165053289,0.046049726984022404,0.3048993913831084,0.866375,0.133625,0.116625,0.8526801578097012
high_risk_shift,NN007,8000,0.3,0.10908370270969617,0.045128508106876644,0.334275149914781,0.858375,0.141625,0.116625,0.8529455702735614
high_risk_shift,NN008,8000,0.3,0.09873163508480286,0.0392221156483918,0.29714567489641586,0.874625,0.125375,0.116625,0.8551858031328075
high_risk_shift,NN009,8000,0.3,0.11166708675325006,0.051408161778064204,0.33140001283307025,0.8572500000000001,0.14275,0.116625,0.8550729649196006
high_risk_shift,NN010,8000,0.3,0.12196325655354368,0.05443372539565185,0.3697010791884428,0.844,0.156,0.116625,0.850805435829257
high_risk_shift,NN011,8000,0.3,0.1064313002826281,0.0489752978124558,0.3092675112097714,0.873,0.127,0.116625,0.8494902033226304
high_risk_shift,NN012,8000,0.3,0.11611685062311733,0.0515558589505783,0.3326579409974767,0.860375,0.139625,0.116625,0.8482536845695715
high_risk_shift,NN013,8000,0.3,0.10585347026092211,0.0461431003673547,0.3050274274862553,0.873,0.127,0.116625,0.8516012182280426
high_risk_shift,NN014,8000,0.3,0.10740993616856653,0.0462810502596887,0.3202105553257522,0.86125,0.13875,0.116625,0.845870432308371
high_risk_shift,NN015,8000,0.3,0.11699872526083435,0.053357025464159547,0.36036589921389023,0.847375,0.152625,0.116625,0.8468192439506055
high_risk_shift,NN016,8000,0.3,0.11485071223835533,0.0521892004379792,0.32530113091215995,0.861375,0.138625,0.116625,0.8491423613307083
high_risk_shift,NN017,8000,0.3,0.10772738607782971,0.0503833052832041,0.3048168439191086,0.867625,0.132375,0.116625,0.8489712840397171
high_risk_shift,NN018,8000,0.3,0.10783565772917736,0.0463335491776959,0.3260067283480385,0.8592500000000001,0.14075,0.116625,0.8549369979059716
high_risk_shift,NN019,8000,0.3,0.11769144880812656,0.0521633539516917,0.34890043675030646,0.848,0.152,0.116625,0.8557025991160098
high_risk_shift,NNSTACK001,8000,0.3,0.10751566755682053,0.030993720929558148,0.3067845356935708,0.871,0.129,0.116625,0.851736957745274
high_risk_shift,RASTACK001,8000,0.3,0.6093605279525626,0.675627412588973,0.93308482272352,0.15500000000000003,0.845,0.116625,0.8431074885595855
high_risk_shift,RF001,8000,0.3,0.10311855921292133,0.0528122634144567,0.2961882076367643,0.876875,0.123125,0.116625,0.8461813440517504
high_risk_shift,RF002,8000,0.3,0.10618328489882158,0.05400714008836045,0.31115878875553715,0.8665,0.1335,0.116625,0.8509332888047051
high_risk_shift,RF003,8000,0.3,0.10792283270058586,0.05483171488717255,0.3179397348851379,0.860375,0.139625,0.116625,0.8536260119987666
high_risk_shift,RF004,8000,0.3,0.10534202649129133,0.05585134354146235,0.2993561303979105,0.869875,0.130125,0.116625,0.8496918409630317
high_risk_shift,RF005,8000,0.3,0.438248468332218,0.42446359300771624,0.8540756023560088,0.348375,0.651625,0.116625,0.8500528777460142
high_risk_shift,RFSTACK001,8000,0.3,0.11015773246195278,0.048731329541088955,0.3277951250248092,0.8512500000000001,0.14875,0.116625,0.8561948254882717
high_risk_shift,RIDGESTACK001,8000,0.3,0.10957186703317436,0.0324447163148776,0.3317811276326197,0.858625,0.141375,0.116625,0.8526933526007616
high_risk_shift,RLOG001,8000,0.3,0.09604401963902452,0.05459610888490725,0.22054265927682282,0.94125,0.05875,0.116625,0.7744621947244799
high_risk_shift,RLOG002,8000,0.3,0.09719710463587984,0.052995876317695,0.2262833281110203,0.923875,0.076125,0.116625,0.7766585966111227
high_risk_shift,RLOG003,8000,0.3,0.09735280641497134,0.0526143329324872,0.2274872623545765,0.922125,0.077875,0.116625,0.7763407083115506
high_risk_shift,RLOG004,8000,0.3,0.09736685323153242,0.0526186713859939,0.2273070734721224,0.922,0.078,0.116625,0.7762680611285854
high_risk_shift,RLOG005,8000,0.3,0.09870460783760135,0.0588272015447921,0.22563401820852924,0.933375,0.066625,0.116625,0.7764019806746361
high_risk_shift,RLOG006,8000,0.3,0.09738394513094255,0.05342758287781035,0.2269666259286071,0.923625,0.076375,0.116625,0.7767614249828354
high_risk_shift,RLOG007,8000,0.3,0.09736663259877916,0.05269785313990425,0.2272080397686717,0.922125,0.077875,0.116625,0.7763305468057913
high_risk_shift,RLOG008,8000,0.3,0.09736886681785994,0.0526241577181027,0.2273807819639358,0.922125,0.077875,0.116625,0.7762748860205131
high_risk_shift,T001,8000,0.3,0.10348687055048239,0.0223691888737599,0.3471223021582734,0.8775,0.1225,0.116625,0.7940133109658876
high_risk_shift,T002,8000,0.3,0.10927385514694592,0.0475037821482602,0.3337637185280826,0.842875,0.157125,0.116625,0.8349971661532073
high_risk_shift,T003,8000,0.3,0.1101684370025182,0.0470078613829616,0.3282051282051282,0.851,0.149,0.116625,0.8415145587836284
high_risk_shift,T004,8000,0.3,0.10916911226998838,0.0475037821482602,0.3259943181818182,0.8362499999999999,0.16375,0.116625,0.8347863528247697
high_risk_shift,T005,8000,0.3,0.11022856028856272,0.0493468795355587,0.3272727272727272,0.8438749999999999,0.156125,0.116625,0.8390046668611002
high_risk_shift,T006,8000,0.3,0.443355507256502,0.4423065532315963,0.859587140060036,0.34225000000000005,0.65775,0.116625,0.8362305757888324
high_risk_shift,T007,8000,0.3,0.4395886195976682,0.3869741706287949,0.867503960539266,0.37849999999999995,0.6215,0.116625,0.8421460887833506
high_risk_shift,WASTACK001,8000,0.3,0.14613506190644715,0.06134208668022675,0.4411804490852644,0.778625,0.221375,0.116625,0.8504505414490096
high_risk_shift,WASTACK002,8000,0.3,0.146581485082828,0.061229093854853145,0.4434857963987163,0.777375,0.222625,0.116625,0.8503976106205027
high_risk_shift,WASTACK003,8000,0.3,0.11643288706742634,0.05593991914584335,0.3235078446802413,0.852375,0.147625,0.116625,0.8533030429463149
high_risk_shift,WASTACK004,8000,0.3,0.11079413224820135,0.04696487164116375,0.3262093798647578,0.859375,0.140625,0.116625,0.8565181737013862
high_risk_shift,WGNB001,8000,0.3,0.2142125121274679,0.0065152817854906,0.999868778230256,0.78125,0.21875,0.116625,0.8361694550900121
high_risk_shift,WGNB002,8000,0.3,0.21421251345311862,0.0065152824550804,0.9998687782508345,0.78125,0.21875,0.116625,0.8361694550900121
high_risk_shift,WGNB003,8000,0.3,0.2142125134411758,0.0065152824490481,0.999868778250649,0.78125,0.21875,0.116625,0.8361694550900121
high_risk_shift,WGNB004,8000,0.3,0.21421251332174773,0.0065152823887247,0.9998687782487954,0.78125,0.21875,0.116625,0.8361694550900121
high_risk_shift,WGNB005,8000,0.3,0.2142125121274679,0.0065152817854906,0.999868778230256,0.78125,0.21875,0.116625,0.8361694550900121
high_risk_shift,WGNB006,8000,0.3,0.21421250018474985,0.0065152757531676,0.9998687780448623,0.78125,0.21875,0.116625,0.8361694550900121
high_risk_shift,WGNB007,8000,0.3,0.2142123807656341,0.0065152154316494,0.9998687761909404,0.78125,0.21875,0.116625,0.8361703650756024
high_risk_shift,WGNB008,8000,0.3,0.2142111873807255,0.0065146123876697,0.9998687576531915,0.78125,0.21875,0.116625,0.8361740050179639
high_risk_shift,WGNB009,8000,0.3,0.21419933392169035,0.0065085990112471,0.9998685724220432,0.7813749999999999,0.218625,0.116625,0.8362489271649051
high_risk_shift,WGNB010,8000,0.3,0.21408865635553084,0.0064632978590934,0.9998674467423585,0.78125,0.21875,0.116625,0.8366174713290082
high_risk_shift,WGNB011,8000,0.3,0.18034134796662538,0.0129936309373156,0.9984834199350112,0.82175,0.17825,0.116625,0.8337476042733529
high_risk_shift,WGNB012,8000,0.3,0.20546734993561905,0.0048735437820938,0.9998544671678352,0.78825,0.21175,0.116625,0.8393537221671427
high_risk_shift,WGNB013,8000,0.3,0.2096656254040282,0.0062584971383451,0.9998739285685075,0.785125,0.214875,0.116625,0.8398976660537913
high_risk_shift,WGNB014,8000,0.3,0.2113196589474527,0.0061760748528669,0.9998471511937229,0.7833749999999999,0.216625,0.116625,0.8395717395481709
high_risk_shift,WLOG001,8000,0.3,0.09157059555391897,0.0585900127649527,0.1836957508367603,0.96175,0.03825,0.116625,0.7521911315534319
high_risk_shift,WLOG002,8000,0.3,0.09981159405156205,0.0471144635306888,0.2328942831578498,0.9143749999999999,0.085625,0.116625,0.8053665186878433
high_risk_shift,WLOG003,8000,0.3,0.10452378582334561,0.0559908041025656,0.2900847110156322,0.8885,0.1115,0.116625,0.8359279297478992
high_risk_shift,WLOG004,8000,0.3,0.10548068860969356,0.0501005992876967,0.2678819896285719,0.8885,0.1115,0.116625,0.8450056426689818
high_risk_shift,WLOG005,8000,0.3,0.10589908035162912,0.0477619400065599,0.27771681407952326,0.88425,0.11575,0.116625,0.8461447929638701
high_risk_shift,XGB001,8000,0.3,0.11125071602346721,0.0480451732873916,0.3316963404417039,0.860625,0.139375,0.116625,0.8570960903834088
high_risk_shift,XGB002,8000,0.3,0.11113605209859086,0.04800002276897425,0.33468471765518193,0.8608750000000001,0.139125,0.116625,0.8570466478329982
high_risk_shift,XGB003,8000,0.3,0.11007546223397364,0.049040304496884304,0.3132182359695434,0.868375,0.131625,0.116625,0.8562664110213816
high_risk_shift,XGB004,8000,0.3,0.11004356760921652,0.048762805759906755,0.3137584209442139,0.869375,0.130625,0.116625,0.856097987855029
high_risk_shift,XGBSTACK001,8000,0.3,0.11132646471116456,0.0475169830024242,0.328633040189743,0.8605,0.1395,0.116625,0.8572247775123147
severe_risk_shift,BLOG001,8000,0.35,0.10004423624662527,0.0568161354222942,0.184598776538323,0.950875,0.049125,0.127625,0.7344144508522069
severe_risk_shift,BLOG002,8000,0.35,0.11105489392341224,0.0497864652106229,0.2454682739550825,0.900625,0.099375,0.127625,0.7913605094000344
severe_risk_shift,BLOG003,8000,0.35,0.11816044962622697,0.0633218366594874,0.2904762018013412,0.86925,0.13075,0.127625,0.8253268269899947
severe_risk_shift,BLOG004,8000,0.35,0.11887054833793445,0.0605516897140055,0.3235701575818387,0.870375,0.129625,0.127625,0.8307511733465401
severe_risk_shift,BLOG005,8000,0.35,0.11941853613268237,0.0592739759061112,0.30723012456840537,0.8665,0.1335,0.127625,0.8341896404197902
severe_risk_shift,BNB001,8000,0.35,0.23285854145022314,0.0232997535287298,0.9645404042373086,0.729875,0.270125,0.127625,0.8357945671350135
severe_risk_shift,BNB002,8000,0.35,0.41492553771000135,0.2493719656065654,0.9973670926774919,0.5001249999999999,0.499875,0.127625,0.8358090923112137
severe_risk_shift,BNB003,8000,0.35,0.2328560490095494,0.0232993703138149,0.9645382698836337,0.729875,0.270125,0.127625,0.8357944267951469
severe_risk_shift,BNB004,8000,0.35,0.41492241550571946,0.2493688134785878,0.9973669288039309,0.5001249999999999,0.499875,0.127625,0.8358089519713472
severe_risk_shift,BNB005,8000,0.35,0.23285293312978775,0.0232988910031907,0.9645356014660432,0.729875,0.270125,0.127625,0.835794847814747
severe_risk_shift,BNB006,8000,0.35,0.41491851189171425,0.2493648708831543,0.9973667239236097,0.5001249999999999,0.499875,0.127625,0.8358093729909472
severe_risk_shift,BNB007,8000,0.35,0.23284358329907304,0.0232974511258527,0.9645275930437454,0.730125,0.269875,0.127625,0.8358007420891469
severe_risk_shift,BNB008,8000,0.35,0.41490679532860014,0.2493530268685029,0.9973661090268908,0.5001249999999999,0.499875,0.127625,0.8358152672653472
severe_risk_shift,BNB009,8000,0.35,0.2328279929516077,0.0232950448520726,0.9645142351109435,0.730125,0.269875,0.127625,0.835803268206747
severe_risk_shift,BNB010,8000,0.35,0.4148872486733823,0.2493332327998378,0.9973650833467116,0.5001249999999999,0.499875,0.127625,0.8358177933829473
severe_risk_shift,BNB011,8000,0.35,0.23279678495919853,0.023290208061177,0.9644819803901272,0.730125,0.269875,0.127625,0.8358055136446136
severe_risk_shift,BNB012,8000,0.35,0.4148480840772281,0.2492934423730601,0.9973626066433895,0.5001249999999999,0.499875,0.127625,0.835820038820814
severe_risk_shift,BNB013,8000,0.35,0.23273426027582078,0.0232804378938541,0.9644084353944685,0.7302500000000001,0.26975,0.127625,0.8358052329648804
severe_risk_shift,BNB014,8000,0.35,0.41476947091745475,0.2492130552818836,0.9973569590186769,0.50025,0.49975,0.127625,0.8358197581410806
severe_risk_shift,BNB015,8000,0.35,0.23254582660145112,0.02326354199667765,0.9641867888807021,0.7304999999999999,0.2695,0.127625,0.8358254419056806
severe_risk_shift,BNB016,8000,0.35,0.4145313835820058,0.2490739879832553,0.9973399335969786,0.500375,0.499625,0.127625,0.8358401074217475
severe_risk_shift,BNB017,8000,0.35,0.23222896965398754,0.0231588859803046,0.9638170295282016,0.7306250000000001,0.269375,0.127625,0.8358690876042145
severe_risk_shift,BNB018,8000,0.35,0.41412723392695316,0.2482116425462496,0.997311514879732,0.5005,0.4995,0.127625,0.8358834724405482
severe_risk_shift,CAT001,8000,0.35,0.1238943735433728,0.05917854580388625,0.3588549000138912,0.838625,0.161375,0.127625,0.8490080567714056
severe_risk_shift,CAT002,8000,0.35,0.12429702845811681,0.0583354039408125,0.3660680184480565,0.83775,0.16225,0.127625,0.8488948726689372
severe_risk_shift,CAT003,8000,0.35,0.12391758823663905,0.0592147275003234,0.36268868955690575,0.8355,0.1645,0.127625,0.848668574633934
severe_risk_shift,CAT004,8000,0.35,0.1235482509926242,0.0593951549493663,0.35638385228160085,0.838,0.162,0.127625,0.8484252954750637
severe_risk_shift,EASTACK001,8000,0.35,0.16119447011839746,0.08094806649866415,0.4473331232249119,0.75,0.25,0.127625,0.8412508408112263
severe_risk_shift,ET001,8000,0.35,0.09407792401431711,0.07846620490703521,0.1719481510393983,0.984875,0.015125,0.127625,0.8100009416805054
severe_risk_shift,ET002,8000,0.35,0.10007955488838217,0.0806680205206462,0.19949226704093195,0.955875,0.044125,0.127625,0.8207144871019943
severe_risk_shift,ET003,8000,0.35,0.1038989625188576,0.08124297652632051,0.22037533454170213,0.930625,0.069375,0.127625,0.8272130649679554
severe_risk_shift,ET004,8000,0.35,0.0936451453615675,0.0790054658475454,0.1782185932987339,0.997375,0.002625,0.127625,0.7985835918276727
severe_risk_shift,ET005,8000,0.35,0.4858457863186089,0.5050901809619894,0.7801167532059453,0.263,0.737,0.127625,0.8111831647173224
severe_risk_shift,GB001,8000,0.35,0.12424231938032429,0.05822322167459085,0.3688644425818028,0.834125,0.165875,0.127625,0.8476348311760524
severe_risk_shift,GB002,8000,0.35,0.12472834806645532,0.0564340596770855,0.3709776833716459,0.830875,0.169125,0.127625,0.847652373659386
severe_risk_shift,GB003,8000,0.35,0.12483175435312409,0.058243838914833354,0.3738735863598835,0.83325,0.16675,0.127625,0.8477653472520542
severe_risk_shift,GB004,8000,0.35,0.12456127003591715,0.0582785316645902,0.3708173446953871,0.8315,0.1685,0.127625,0.8476567943651859
severe_risk_shift,GNB001,8000,0.35,0.05238893179857856,0.0015612404951305,0.13656664663282686,0.950875,0.049125,0.127625,0.74678555043892
severe_risk_shift,GNB007,8000,0.35,0.05291766417394487,0.0030050233210532,0.1249674856144091,0.9625,0.0375,0.127625,0.7686322574832376
severe_risk_shift,GNB008,8000,0.35,0.09742438015882705,0.0075359806262915,0.2933778371661865,0.8525,0.1475,0.127625,0.7579319741791486
severe_risk_shift,GNB009,8000,0.35,0.05042244949051392,0.0017559196906466999,0.1262008668285339,0.959875,0.040125,0.127625,0.7577597069928128
severe_risk_shift,GNB010,8000,0.35,0.043995873062544925,0.001206391331852,0.10452966346142288,0.966625,0.033375,0.127625,0.7564802284283941
severe_risk_shift,LASSOSTACK001,8000,0.35,0.12313351398082069,0.038922252501132695,0.3651471549357347,0.8436250000000001,0.156375,0.127625,0.8435748690032601
severe_risk_shift,LGB001,8000,0.35,0.12492338600822357,0.0576857099165322,0.3729476635998581,0.833375,0.166625,0.127625,0.8487474456390018
severe_risk_shift,LGB002,8000,0.35,0.12463348229951395,0.05595686201049495,0.3730002740148754,0.831875,0.168125,0.127625,0.8489143799104042
severe_risk_shift,LGB003,8000,0.35,0.12494711578194606,0.0575327133429746,0.3705037738534445,0.834,0.166,0.127625,0.8493619939151441
severe_risk_shift,LGB004,8000,0.35,0.12507152481802392,0.05787347857076215,0.3683450300394759,0.834125,0.165875,0.127625,0.8486765038364008
severe_risk_shift,LRSTACK001,8000,0.35,0.12353535816292897,0.039390146756893,0.366517978935266,0.842375,0.157625,0.127625,0.8428559078663161
severe_risk_shift,NN001,8000,0.35,0.11744330486913683,0.05431738877578665,0.33581325598429024,0.8532500000000001,0.14675,0.127625,0.8415382568581636
severe_risk_shift,NN002,8000,0.35,0.11833717557916629,0.058864060190022,0.34065077636780244,0.8555,0.1445,0.127625,0.8380631610797131
severe_risk_shift,NN003,8000,0.35,0.12880265108276262,0.057691185337100895,0.3960056555557827,0.829,0.171,0.127625,0.8434879986257922
severe_risk_shift,NN004,8000,0.35,0.12213624564708592,0.0605890528784336,0.3666771170476207,0.842,0.158,0.127625,0.839313940141398
severe_risk_shift,NN005,8000,0.35,0.11521947833656049,0.06936442688641,0.2722158974150091,0.886625,0.113375,0.127625,0.813896636039362
severe_risk_shift,NN006,8000,0.35,0.1197566526702687,0.0570452535233148,0.345619225561612,0.850875,0.149125,0.127625,0.8414148981153619
severe_risk_shift,NN007,8000,0.35,0.12123795753445415,0.05744318958733725,0.3541502095976522,0.8395,0.1605,0.127625,0.8427966844425819
severe_risk_shift,NN008,8000,0.35,0.10986611267271326,0.04974931377792745,0.3214100485643094,0.85825,0.14175,0.127625,0.8441205104048679
severe_risk_shift,NN009,8000,0.35,0.12453535065271303,0.0623791996302958,0.36047990856820056,0.837875,0.162125,0.127625,0.8428274188733824
severe_risk_shift,NN010,8000,0.35,0.13572501701044815,0.06722139698534921,0.40854202747851337,0.8185,0.1815,0.127625,0.8392335955677301
severe_risk_shift,NN011,8000,0.35,0.11881359825468953,0.0594052204022133,0.34014694980897464,0.856375,0.143625,0.127625,0.8378139174765096
severe_risk_shift,NN012,8000,0.35,0.1299553986074822,0.06361120399978135,0.3705410011041609,0.839,0.161,0.127625,0.8365909958783585
severe_risk_shift,NN013,8000,0.35,0.11820991956060055,0.056681878369302954,0.3387401483517334,0.856,0.144,0.127625,0.8396645792982698
severe_risk_shift,NN014,8000,0.35,0.12009153759274846,0.058893623870954204,0.34480919003167043,0.839,0.161,0.127625,0.8372720652513017
severe_risk_shift,NN015,8000,0.35,0.1306974304351043,0.06687184585338479,0.3828466871943906,0.825,0.175,0.127625,0.8385316155546534
severe_risk_shift,NN016,8000,0.35,0.12876594088157714,0.0656632632820256,0.36479164846671785,0.8422499999999999,0.15775,0.127625,0.8373264469496358
severe_risk_shift,NN017,8000,0.35,0.12010050110194588,0.06268967877522336,0.33548698116122816,0.851,0.149,0.127625,0.8384696555035192
severe_risk_shift,NN018,8000,0.35,0.12019602993918178,0.0566767646717571,0.34765063032943827,0.8396250000000001,0.160375,0.127625,0.8416289865819652
severe_risk_shift,NN019,8000,0.35,0.1311351412437847,0.0653200997231338,0.3813462767846265,0.823625,0.176375,0.127625,0.8431012921231864
severe_risk_shift,NNSTACK001,8000,0.35,0.12051690167596388,0.039868245494488405,0.3418957091693008,0.850875,0.149125,0.127625,0.8443703153675381
severe_risk_shift,RASTACK001,8000,0.35,0.6384210349518598,0.7179934511457706,0.9402100486422563,0.13712500000000005,0.862875,0.127625,0.834377625671193
severe_risk_shift,RF001,8000,0.35,0.11427342438943013,0.07228484980504479,0.31266798820020314,0.862375,0.137625,0.127625,0.8392730310702642
severe_risk_shift,RF002,8000,0.35,0.11834129000888155,0.0694725049737056,0.3261646546878812,0.8498749999999999,0.150125,0.127625,0.8432912421327224
severe_risk_shift,RF003,8000,0.35,0.12071990990946374,0.0679085528523257,0.3346892764776015,0.8416250000000001,0.158375,0.127625,0.8449729347550137
severe_risk_shift,RF004,8000,0.35,0.11728084749826591,0.07184646893088806,0.3217477564814457,0.85175,0.14825,0.127625,0.8419511367459029
severe_risk_shift,RF005,8000,0.35,0.46933964198923195,0.4800579112342494,0.8667147335387226,0.30500000000000005,0.695,0.127625,0.8414486498532958
severe_risk_shift,RFSTACK001,8000,0.35,0.12314688955178567,0.060038732080248805,0.3544062587301009,0.826375,0.173625,0.127625,0.8463116367431665
severe_risk_shift,RIDGESTACK001,8000,0.35,0.12257139173868543,0.040207219729277,0.3635550149427,0.83725,0.16275,0.127625,0.8448561719859453
severe_risk_shift,RLOG001,8000,0.35,0.10554418496884313,0.0672397878827615,0.22836682864062216,0.930375,0.069625,0.127625,0.7663374199834707
severe_risk_shift,RLOG002,8000,0.35,0.1076089452485286,0.06411075985656661,0.23881899217188993,0.910625,0.089375,0.127625,0.7676616669653566
severe_risk_shift,RLOG003,8000,0.35,0.10792312630860612,0.06400475454750815,0.2406255560858453,0.908625,0.091375,0.127625,0.7675004164585544
severe_risk_shift,RLOG004,8000,0.35,0.10795565122610876,0.0639669228849653,0.24070176519956718,0.90875,0.09125,0.127625,0.7674729098446873
severe_risk_shift,RLOG005,8000,0.35,0.10844959514675978,0.07087582130406125,0.23526944224041868,0.92025,0.07975,0.127625,0.7671863358369498
severe_risk_shift,RLOG006,8000,0.35,0.10779520542456231,0.0649334200756278,0.2388523027909341,0.9105,0.0895,0.127625,0.7677890955642919
severe_risk_shift,RLOG007,8000,0.35,0.1079363457356371,0.06403930879185621,0.24034206279070566,0.908625,0.091375,0.127625,0.7674917153868208
severe_risk_shift,RLOG008,8000,0.35,0.10795854619679682,0.0639457307068319,0.2406908810020039,0.90875,0.09125,0.127625,0.7674758569818873
severe_risk_shift,T001,8000,0.35,0.11352314711763759,0.0223691888737599,0.4052631578947368,0.862375,0.137625,0.127625,0.7856365374281513
severe_risk_shift,T002,8000,0.35,0.12160244393449204,0.0560038734667527,0.3337637185280826,0.821,0.179,0.127625,0.829310163595586
severe_risk_shift,T003,8000,0.35,0.12287550259399042,0.0710189677988531,0.3489583333333333,0.829,0.171,0.127625,0.83393899341792
severe_risk_shift,T004,8000,0.35,0.12076820794992363,0.0560038734667527,0.3259943181818182,0.817875,0.182125,0.127625,0.8286994044958438
severe_risk_shift,T005,8000,0.35,0.12208716640596974,0.0717131474103585,0.3280757097791798,0.82425,0.17575,0.127625,0.8342146209160572
severe_risk_shift,T006,8000,0.35,0.4748926200055324,0.5531495114366637,0.8760105349053751,0.2995,0.7005,0.127625,0.8249891692707898
severe_risk_shift,T007,8000,0.35,0.4720000683983536,0.4493357621227378,0.8823567303170256,0.33087500000000003,0.669125,0.127625,0.833746376950917
severe_risk_shift,WASTACK001,8000,0.35,0.16414503403155584,0.08178034391154745,0.4594892651837561,0.74575,0.25425,0.127625,0.8411969503024254
severe_risk_shift,WASTACK002,8000,0.35,0.16466359292922636,0.0817102902126931,0.46205379720586237,0.744375,0.255625,0.127625,0.8411655141722916
severe_risk_shift,WASTACK003,8000,0.35,0.1304114319967918,0.06960916190343135,0.3492217493026176,0.82975,0.17025,0.127625,0.8438805292328644
severe_risk_shift,WASTACK004,8000,0.35,0.12429702845811681,0.0583354039408125,0.3660680184480565,0.83775,0.16225,0.127625,0.8488948726689372
severe_risk_shift,WGNB001,8000,0.35,0.24586635703279489,0.01048560157404145,0.999964658167477,0.7464999999999999,0.2535,0.127625,0.8267355585716153
severe_risk_shift,WGNB002,8000,0.35,0.24586635839009938,0.0104856009504062,0.9999646581746189,0.7464999999999999,0.2535,0.127625,0.8267355585716153
severe_risk_shift,WGNB003,8000,0.35,0.24586635837787132,0.0104856009560245,0.9999646581745543,0.7464999999999999,0.2535,0.127625,0.8267355585716153
severe_risk_shift,WGNB004,8000,0.35,0.2458663582555916,0.0104856010122079,0.9999646581739108,0.7464999999999999,0.2535,0.127625,0.8267355585716153
severe_risk_shift,WGNB005,8000,0.35,0.24586635703279489,0.01048560157404145,0.999964658167477,0.7464999999999999,0.2535,0.127625,0.8267355585716153
severe_risk_shift,WGNB006,8000,0.35,0.245866344804893,0.010485607192385449,0.9999646581031343,0.7464999999999999,0.2535,0.127625,0.8267355585716153
severe_risk_shift,WGNB007,8000,0.35,0.24586622253240709,0.01048563032263195,0.9999646574597142,0.7464999999999999,0.2535,0.127625,0.8267365409506819
severe_risk_shift,WGNB008,8000,0.35,0.2458650004596849,0.010484740421054,0.9999646510256691,0.7464999999999999,0.2535,0.127625,0.8267404704669485
severe_risk_shift,WGNB009,8000,0.35,0.24585284375481672,0.0104758677921065,0.9999645879817869,0.746625,0.253375,0.127625,0.8267714855774825
severe_risk_shift,WGNB010,8000,0.35,0.2457365367240506,0.0103849348531585,0.9999640912011435,0.746375,0.253625,0.127625,0.8269902052596856
severe_risk_shift,WGNB011,8000,0.35,0.2116798769754451,0.0194327007043929,0.9993582029078112,0.788125,0.211875,0.127625,0.8266352155669471
severe_risk_shift,WGNB012,8000,0.35,0.23470914548180838,0.0069218013628449,0.9999603355906228,0.75575,0.24425,0.127625,0.8299630246553288
severe_risk_shift,WGNB013,8000,0.35,0.2411980816921102,0.0093428218027402,0.9999641529678978,0.748625,0.251375,0.127625,0.8298424727098603
severe_risk_shift,WGNB014,8000,0.35,0.243082941179052,0.009536086408541401,0.9999646343191264,0.7482500000000001,0.25175,0.127625,0.8295654418130564
severe_risk_shift,WLOG001,8000,0.35,0.10000743290131177,0.0585900127649527,0.1836957508367603,0.950875,0.049125,0.127625,0.7344144508522069
severe_risk_shift,WLOG002,8000,0.35,0.11100284281963507,0.0471144635306888,0.2580397000069942,0.89925,0.10075,0.127625,0.7924529149221837
severe_risk_shift,WLOG003,8000,0.35,0.1180353330205431,0.0559908041025656,0.306525702940122,0.86925,0.13075,0.127625,0.8271569991912214
severe_risk_shift,WLOG004,8000,0.35,0.11882072515698953,0.0540553611944718,0.2907988811131343,0.874,0.126,0.127625,0.8331763865824421
severe_risk_shift,WLOG005,8000,0.35,0.11928150874389919,0.0585008913211963,0.30298916050508057,0.868125,0.131875,0.127625,0.8358034085466135
severe_risk_shift,XGB001,8000,0.35,0.12416489477074354,0.0604221653193235,0.3598351687192921,0.8405,0.1595,0.127625,0.8483736504041297
severe_risk_shift,XGB002,8000,0.35,0.12406288120005043,0.059801073744893005,0.36023015677928927,0.84175,0.15825,0.127625,0.8484906938529314
severe_risk_shift,XGB003,8000,0.35,0.12277371331723404,0.0607223249971866,0.34090784788131717,0.851375,0.148625,0.127625,0.8469083618562417
severe_risk_shift,XGB004,8000,0.35,0.1226517194426269,0.060892784968018504,0.34183498322963723,0.851125,0.148875,0.127625,0.8463199167952999
severe_risk_shift,XGBSTACK001,8000,0.35,0.12467897986067689,0.0577930770814418,0.3601572215557098,0.8416250000000001,0.158375,0.127625,0.8479276503078566
