model_id,split,mean_abs_calibration_error,max_abs_calibration_error,mean_squared_calibration_error
BLOG001,train,1.3599488598739892e-14,6.25888230132432e-14,6.140477456643835e-28
BLOG001,validation,0.007849587261235509,0.03222533390779414,0.00017475200454401086
BLOG002,train,0.0027312843483891804,0.007590077658108596,1.1513775160257407e-05
BLOG002,validation,0.0035949676014010523,0.007860926789801409,1.9306842301513227e-05
BLOG003,train,0.004780817041802308,0.008041039368054795,2.864196679192796e-05
BLOG003,validation,0.007502272747695487,0.026511941235088987,0.0001041489351223648
BLOG004,train,0.00577320705267758,0.013713202977923805,4.684597137542893e-05
BLOG004,validation,0.007469530666016224,0.03381071977641739,0.00014556157007451087
BLOG005,train,0.004490840917315499,0.010434884574695893,2.5900118337452944e-05
BLOG005,validation,0.005821076096462022,0.0189239562363913,5.746066106708979e-05
BNB001,train,0.06750815415841269,0.48571383153332903,0.024175402243521247
BNB001,validation,0.06675450789579467,0.4819802750231816,0.02382234870154586
BNB002,train,0.1642610158481464,0.6249000506394495,0.0805547063112457
BNB002,validation,0.16456730339619813,0.6198418862579516,0.07966127909919536
BNB003,train,0.06751548932594831,0.48572148855178704,0.024176807597589868
BNB003,validation,0.06675610299992883,0.4819750315553398,0.023822008681737367
BNB004,train,0.16425963271368418,0.624844840195413,0.08055335834536023
BNB004,validation,0.16455775046410795,0.6198410446271145,0.07965435154051928
BNB005,train,0.06751425929238383,0.4857148232463809,0.024176096213024637
BNB005,validation,0.0667549167665201,0.48196847605341203,0.02382131748727325
BNB006,train,0.16425677273368128,0.624843764640322,0.08055100969200804
BNB006,validation,0.1645548693816857,0.6198399923054481,0.07965206629725803
BNB007,train,0.06751161260340112,0.48569481933273845,0.024174034880230708
BNB007,validation,0.06675103095016607,0.48194880177105165,0.02381918845674228
BNB008,train,0.16424516659493132,0.6248405360318661,0.080541823198013
BNB008,validation,0.16454300625400636,0.6198368334538378,0.07964425769103875
BNB009,train,0.0675011304661353,0.48565494343490095,0.02416951800853246
BNB009,validation,0.06674476995210908,0.48191598540511155,0.02381567451551674
BNB010,train,0.1642288775662076,0.6248623201668235,0.0805292210554532
BNB010,validation,0.16452536448941743,0.6198315624182478,0.0796318719142293
BNB011,train,0.06747721372397006,0.48548599390112446,0.024152613791609077
BNB011,validation,0.06671789306235273,0.48159839296345563,0.023785424506160915
BNB012,train,0.16424620561696496,0.6247830685632676,0.08053060045297442
BNB012,validation,0.1644750613980388,0.6197268754925963,0.07959463247372797
BNB013,train,0.0675542595440475,0.4855022160418895,0.02416174458372773
BNB013,validation,0.06666613807316067,0.4814380765394362,0.023766505841723486
BNB014,train,0.16415595489766605,0.6241352597833209,0.0804661620299028
BNB014,validation,0.16436209784263434,0.6198347902647825,0.07952893054658017
BNB015,train,0.06742739090775399,0.4846378031046734,0.024073643726405938
BNB015,validation,0.06656711620357766,0.48101279740220976,0.02372007866999613
BNB016,train,0.16398303635907924,0.6240143813598241,0.08032155384905676
BNB016,validation,0.16412690158032744,0.6198999092917628,0.07936153944094232
BNB017,train,0.06730120935039448,0.4836931476203425,0.023977729125050078
BNB017,validation,0.06639670159701733,0.4801241175733419,0.02362672815092024
BNB018,train,0.16382922608395625,0.6240115923622891,0.08018798040920445
BNB018,validation,0.1637785319259105,0.6195697863013288,0.07910932454771614
CAT001,train,0.00320672673212946,0.007950654650391797,1.4241712681867268e-05
CAT001,validation,0.003672499324095537,0.009209112053573887,2.0361879599613378e-05
CAT002,train,0.002848479043633162,0.011480152688134904,1.7202121221268587e-05
CAT002,validation,0.0034497299657361502,0.008891822985796216,1.793704258763989e-05
CAT003,train,0.0032992208767009972,0.007409412379829283,1.4888902316778064e-05
CAT003,validation,0.0035282838379633976,0.00928299051114867,1.9366966968609358e-05
CAT004,train,0.003219266269765142,0.007136437539876528,1.5068615391618161e-05
CAT004,validation,0.003919321792801557,0.011978185715918466,2.5524848911877647e-05
EASTACK001,train,0.01994789792503731,0.08852125968980823,0.0013119169092191834
EASTACK001,validation,0.020092579686393143,0.08307618713446879,0.0012273046593098997
ET001,train,0.026765977278738272,0.13382524667174292,0.0020294510561579314
ET001,validation,0.028052009167009305,0.13970411722372658,0.0022012982418267183
ET002,train,0.02521191710375294,0.12605479085919138,0.0017821314030723018
ET002,validation,0.02608066326259889,0.12967276294823402,0.0018819233550025545
ET003,train,0.023439595965255584,0.11719345058385,0.001544588432888816
ET003,validation,0.024007609111627474,0.11966223347298022,0.0016064757452921956
ET004,train,0.02327651522161473,0.11637859883598528,0.0015381653847559523
ET004,validation,0.02367421928758392,0.1166199785852729,0.0015500252345925808
ET005,train,0.3032898929772766,0.5638803999740541,0.11318794656704256
ET005,validation,0.3036367512737024,0.5610657553394054,0.11351632605666781
GB001,train,0.0035236534278213034,0.01005634028700253,1.9947484588608075e-05
GB001,validation,0.0028515530241208474,0.0065625337814381735,1.1682782389286695e-05
GB002,train,0.004551893710212472,0.017858111046490932,4.224050791810223e-05
GB002,validation,0.0032406711507980217,0.007552224671167201,1.665622097228376e-05
GB003,train,0.0032971501275287584,0.009852812146960988,1.7378993221155876e-05
GB003,validation,0.002386668071066098,0.005362837533934683,8.541144356591928e-06
GB004,train,0.0033503266247860387,0.009370554269157783,1.799546997136622e-05
GB004,validation,0.0030597078706370807,0.007103198026203794,1.4130315635193965e-05
GNB001,train,0.041590379114236034,0.1219850044633291,0.002799884151392867
GNB001,validation,0.04195851405487275,0.12001713613800749,0.002725762329820546
GNB002,train,0.036866445299499284,0.0872228229850768,0.001909822537624515
GNB002,validation,0.03676176694765063,0.08768420630875491,0.0019077325700656157
GNB003,train,0.02797773705541089,0.0605993484168661,0.0009376723326885077
GNB003,validation,0.027888137812213033,0.0594663666617377,0.0009127501757175688
GNB004,train,0.03030868351631938,0.0572794439028728,0.0010530181408593994
GNB004,validation,0.03021426366532748,0.0572443766751427,0.0010306164739796767
GNB005,train,0.02967485960018761,0.060907220140948,0.0010329105185642987
GNB005,validation,0.02965223563908161,0.06109357747806019,0.0010165531240624644
GNB006,train,0.027576629341871432,0.057368348777927805,0.0008900128012853771
GNB006,validation,0.02774189105001511,0.059754800880377504,0.000895704544753144
GNB007,train,0.0410723695979899,0.0988514726542066,0.0025137618416606567
GNB007,validation,0.040905340796921826,0.09424044562049749,0.0024527739567067443
GNB008,train,0.03747268343731335,0.1023093800252245,0.0021091968794448484
GNB008,validation,0.03638709845667043,0.09554858615483669,0.0019362996788270547
GNB009,train,0.04264690701800041,0.11093207414792441,0.002751490689464506
GNB009,validation,0.042643254167764474,0.1089463927808837,0.002704127279921989
GNB010,train,0.045857313983389145,0.1191494595440301,0.0033002698662003135
GNB010,validation,0.045782515468394076,0.11766781273149379,0.0032331326508450676
LASSOSTACK001,train,0.01021915220023047,0.020999048225565496,0.0001337587836028837
LASSOSTACK001,validation,0.01157153131343721,0.027944095061017506,0.0001815191771252801
LGB001,train,0.00423869020269174,0.01772057704666491,3.966682873913703e-05
LGB001,validation,0.002003277716863772,0.005340271200355802,6.7817310488366345e-06
LGB002,train,0.006755901443393626,0.03334437582500477,0.0001258135664968877
LGB002,validation,0.0012199663917150994,0.0029796832931301004,2.197256774253735e-06
LGB003,train,0.0036266551505926385,0.014144879133690391,2.636050318546438e-05
LGB003,validation,0.002386383679299109,0.005374336010507491,8.519528477777779e-06
LGB004,train,0.0035428787444248258,0.01278608923185326,2.305883975198789e-05
LGB004,validation,0.0026905097988853483,0.0065258120404022985,1.1272423336588725e-05
LRSTACK001,train,0.010342371860381496,0.0200355811473888,0.0001307451407886167
LRSTACK001,validation,0.011281079503340962,0.02771434359681,0.00017721109738720592
NN001,train,0.005038696034576866,0.013702627210290252,4.5766029184063174e-05
NN001,validation,0.00451692923270291,0.021851848071874513,5.8646596447343515e-05
NN002,train,0.004801695362594496,0.018853019620799882,4.731538831502034e-05
NN002,validation,0.004847829930612862,0.022136296224822827,6.140494339939331e-05
NN003,train,0.002941191999396124,0.014299171287016632,2.3844733767467174e-05
NN003,validation,0.0028291172502803706,0.014189656962083907,2.3248733457326407e-05
NN004,train,0.0016393293093851084,0.004131981540739196,3.492952481941246e-06
NN004,validation,0.0023119312822855896,0.0098207985487197,1.2592128991211729e-05
NN005,train,0.007464792208736073,0.033127078080016525,0.00016330201267537338
NN005,validation,0.008650974962350313,0.036830288445223625,0.0002012049953554665
NN006,train,0.0037058900546086196,0.011394144472733791,2.5022691754985784e-05
NN006,validation,0.0032168809052892993,0.01534722296866059,2.8530404543758565e-05
NN007,train,0.0028475957048946722,0.010540633689254009,1.552337981201619e-05
NN007,validation,0.003386086166470719,0.011766843028158391,2.1936456553266114e-05
NN008,train,0.008659677462185617,0.03578927427043127,0.00018483226127420085
NN008,validation,0.008525769977384433,0.037722195700946426,0.0001961592609944326
NN009,train,0.0025098763388175507,0.009373078877169205,1.4876932838539977e-05
NN009,validation,0.002925481235891412,0.010060570795202596,1.7227553863310524e-05
NN010,train,0.008571732604335558,0.023158089185435493,0.00011422608600864429
NN010,validation,0.009132636603761391,0.023450660198872597,0.00011640025183238972
NN011,train,0.004651340313130592,0.017552516581871125,4.393155011293984e-05
NN011,validation,0.00537534559571278,0.02150702153944939,6.19512250654744e-05
NN012,train,0.005263703302039391,0.015477553643391706,4.6231124236815915e-05
NN012,validation,0.004588023769770339,0.010807534785257589,3.05356364667027e-05
NN013,train,0.005082342779862988,0.01646727513366658,4.686476549377991e-05
NN013,validation,0.004909443382448438,0.019191965478371376,5.690507908395085e-05
NN014,train,0.0021559990293752293,0.005312096806031785,7.478603228318245e-06
NN014,validation,0.0028816556239582266,0.01621412881160278,2.86348935005703e-05
NN015,train,0.004971567976699937,0.020443741307389185,5.668391072309431e-05
NN015,validation,0.0051716816504803805,0.0122936490473948,4.5027706778337964e-05
NN016,train,0.004351491989489432,0.01246995419843433,2.8519160120953696e-05
NN016,validation,0.004696686652918931,0.0139172111609637,3.356660999947246e-05
NN017,train,0.0027949557032663935,0.016162727014721323,2.9059525406272408e-05
NN017,validation,0.0039257565975693316,0.022044976817138906,5.296712881160556e-05
NN018,train,0.003126717653138889,0.008660844421539707,1.9261542584469525e-05
NN018,validation,0.003320491834250047,0.013706036986780468,2.8927440959730206e-05
NN019,train,0.004226043981386676,0.011218791170513165,2.965790582356845e-05
NN019,validation,0.004578147140902021,0.010113637551238695,3.102719028984067e-05
NNSTACK001,train,0.00883562086852438,0.020037472695718296,0.00010876393119160882
NNSTACK001,validation,0.00934074742229311,0.02612609847206101,0.00014254721888193499
RASTACK001,train,0.4330106303469636,0.7204351399750217,0.23136885677367394
RASTACK001,validation,0.43300846631888124,0.7152072180772988,0.23135274286799595
RF001,train,0.012518605001635711,0.06191242150658949,0.00044238582524399017
RF001,validation,0.012749547057400043,0.06256412238634862,0.00045026725220889756
RF002,train,0.008981510546079421,0.04504769102313322,0.000230350360132334
RF002,validation,0.00901355031924318,0.04436840924919949,0.00023084695220958691
RF003,train,0.008127665377672944,0.039775607432351034,0.0001823103942677538
RF003,validation,0.0070547367240054865,0.03474560927024245,0.00014674851955239426
RF004,train,0.010126311955521692,0.05070509413476243,0.00029396236187032194
RF004,validation,0.010571079822413622,0.05213625007729411,0.00032076205404687336
RF005,train,0.2627787251918803,0.5005855532836033,0.09374446901742475
RF005,validation,0.2629476362761792,0.49571439231650855,0.09397435180670596
RFSTACK001,train,0.004833489271722922,0.011624401457222377,3.400095587091122e-05
RFSTACK001,validation,0.004114206415351011,0.012564214874803803,3.08349447134631e-05
RIDGESTACK001,train,0.009487334799504232,0.018775180451246404,0.0001179803018803437
RIDGESTACK001,validation,0.00973394293114863,0.0278266750823202,0.0001454889707504707
RLOG001,train,0.004342761086970809,0.016099286624223774,3.889134518782638e-05
RLOG001,validation,0.005972903111043708,0.020139723887803163,6.684665778184108e-05
RLOG002,train,0.004930311988847398,0.014711838162742685,4.237981544991687e-05
RLOG002,validation,0.00554570317050229,0.014594407661199016,4.838206493830442e-05
RLOG003,train,0.004713583541559119,0.013589531989849801,3.81105423316451e-05
RLOG003,validation,0.005778681414665688,0.016305576505757202,5.2913029034629396e-05
RLOG004,train,0.004637497728522139,0.01303849845622701,3.6173046726947867e-05
RLOG004,validation,0.005806420314997999,0.016693793965619,5.404390840185835e-05
RLOG005,train,0.005374511617760978,0.013290120493695101,4.4090184818931094e-05
RLOG005,validation,0.006742600496811591,0.018387948890572325,8.453847109567932e-05
RLOG006,train,0.004784536664471929,0.014475633261754495,3.900745128885508e-05
RLOG006,validation,0.005977931596022768,0.017455280014782,6.120854474986748e-05
RLOG007,train,0.004768504468665291,0.013632917550954998,3.8062402453848245e-05
RLOG007,validation,0.005658157781512233,0.01623264796763821,5.139409574646661e-05
RLOG008,train,0.004600841034357074,0.012950501083615396,3.583653270703964e-05
RLOG008,validation,0.005851716460543431,0.016925247772833607,5.5657277377935303e-05
T001,train,2.0274291504899604e-14,3.929842562477859e-14,6.662644904724353e-28
T001,validation,0.002092517693346027,0.005866092393834177,1.1499873217296575e-05
T002,train,8.13816606696586e-15,1.9817480989559044e-14,1.1486584028536552e-28
T002,validation,0.004139035488573938,0.010718952504257306,2.89652252350598e-05
T003,train,7.223140736328e-15,2.0372592501871623e-14,8.947391145622878e-29
T003,validation,0.005271684441964997,0.012469401027940696,4.895520676034705e-05
T004,train,6.9886226435518966e-15,1.6708856520608606e-14,8.601158995738836e-29
T004,validation,0.0051499764923679464,0.0159244771291778,5.348168817769611e-05
T005,train,6.555520015716354e-15,1.4904744105592727e-14,7.212013569723469e-29
T005,validation,0.0040163851242966744,0.010507980299290107,2.9220046942477373e-05
T006,train,0.3832435464118317,0.550971432533799,0.16854499143277116
T006,validation,0.38198311696682025,0.5330579621860492,0.16676795395813135
T007,train,0.31298558848469427,0.5207959069311743,0.12368861290287067
T007,validation,0.31401598426658284,0.5341636366242881,0.12729406801775717
WASTACK001,train,0.021397092083194662,0.09835388747544394,0.0015399977045179936
WASTACK001,validation,0.021541506212539873,0.09372592984219147,0.0014451390673990501
WASTACK002,train,0.021598766699009155,0.10117517153510447,0.0015916738939757951
WASTACK002,validation,0.021743149433945917,0.09651785243638661,0.001493049086675948
WASTACK003,train,0.006035327359206189,0.022811973977955702,7.491317649355484e-05
WASTACK003,validation,0.007144464187244961,0.022772933776663007,8.69091331840117e-05
WASTACK004,train,0.002848479043633162,0.011480152688134904,1.7202121221268587e-05
WASTACK004,validation,0.0034497299657361502,0.008891822985796216,1.793704258763989e-05
WGNB001,train,0.0802833743692826,0.6269823565099463,0.039874665038387824
WGNB001,validation,0.07976342305515169,0.6288081032700436,0.040081167322139996
WGNB002,train,0.0802833749671864,0.6269823572037975,0.039874665114143046
WGNB002,validation,0.07976342368178399,0.6288081042420127,0.04008116743038816
WGNB003,train,0.08028337496179941,0.6269823571975431,0.03987466511346015
WGNB003,validation,0.0797634236761384,0.6288081042332543,0.04008116742941271
WGNB004,train,0.08028337490793444,0.6269823571350377,0.03987466510663581
WGNB004,validation,0.07976342361968532,0.6288081041456927,0.040081167419661015
WGNB005,train,0.0802833743692826,0.6269823565099463,0.039874665038387824
WGNB005,validation,0.07976342305515169,0.6288081032700436,0.040081167322139996
WGNB006,train,0.08028336898276926,0.6269823502588807,0.03987466435588825
WGNB006,validation,0.07976341740981914,0.6288080945134267,0.04008116634691325
WGNB007,train,0.08028331511817628,0.6269822877286632,0.03987465752836696
WGNB007,validation,0.07976336095712369,0.6288080069360711,0.040081156593169666
WGNB008,train,0.08028277652684061,0.6269816604806985,0.03987458900189386
WGNB008,validation,0.07976266468733113,0.6288071300422255,0.040081054240708146
WGNB009,train,0.08022103558507543,0.62697519715831,0.03987074194227857
WGNB009,validation,0.0796719047849278,0.6287982509928896,0.04007587904435019
WGNB010,train,0.08019229167423397,0.6269034560769577,0.03986509200442382
WGNB010,validation,0.07971029710425398,0.6287185331142253,0.04006257777763405
WGNB011,train,0.08081413623511456,0.5319244679772562,0.03224809622307065
WGNB011,validation,0.07796745511850234,0.5201639135054278,0.030730152592038738
WGNB012,train,0.08315718653857729,0.6268403237309577,0.04009530274728189
WGNB012,validation,0.08536006153321725,0.6288574202688539,0.040391518173009865
WGNB013,train,0.08208423376712479,0.6270376768387177,0.039974085381819756
WGNB013,validation,0.08186669551486876,0.6263538356433123,0.039860605235409255
WGNB014,train,0.08107683892984008,0.6262560539978435,0.03983424296816445
WGNB014,validation,0.08108744636653081,0.6270449627342594,0.03991685886707815
WLOG001,train,0.0023186642707092972,0.00937004659508428,1.4840963349744754e-05
WLOG001,validation,0.005527909541433263,0.022855287312700034,8.769943525856683e-05
WLOG002,train,0.003698689177518127,0.013440886543862496,3.062528855958792e-05
WLOG002,validation,0.0035147952570745017,0.005992296615402806,1.3583334665476492e-05
WLOG003,train,0.006205652302252266,0.014540731418019898,5.662309126291334e-05
WLOG003,validation,0.009174958514680552,0.042309315677796694,0.00022385463280896083
WLOG004,train,0.007989489366521002,0.0226264519165056,9.998287414815179e-05
WLOG004,validation,0.010108583048343337,0.0444562408761576,0.00025352119988941604
WLOG005,train,0.0056311239640334295,0.012023657235590998,3.961551643359571e-05
WLOG005,validation,0.006184105268258484,0.018697635510141794,6.431868775276745e-05
XGB001,train,0.0033811112330533943,0.009835476347480832,1.8644991888500415e-05
XGB001,validation,0.003221475003765008,0.007954339565362678,1.656863844921543e-05
XGB002,train,0.003153799117832305,0.011939143433206456,1.9591226332333032e-05
XGB002,validation,0.003375389934378707,0.00893229181308508,1.8954287429263467e-05
XGB003,train,0.003625840966567291,0.012044315880207601,2.2989786557622853e-05
XGB003,validation,0.005059896643054759,0.015298962998688104,4.302575621635184e-05
XGB004,train,0.003969529502497101,0.012483497093069895,2.518782092230452e-05
XGB004,validation,0.004968814379974021,0.017106612011398015,4.424481037295762e-05
XGBSTACK001,train,0.001793200621397762,0.00924628581313841,9.805944181123938e-06
XGBSTACK001,validation,0.0032289952242153634,0.0086756210742343,1.7462241243490984e-05
