model_id,split,top_population_pct,top_bucket_bad_rate,top_bucket_default_capture,top_bucket_avg_pd,row_count
BLOG001,train,0.05,0.2637719969395562,0.19683128746788467,0.26370096468953813,5228
BLOG001,train,0.1,0.22712058907908578,0.3389951470168427,0.22414608835381047,10457
BLOG001,train,0.2,0.19666252271205892,0.5870682272337996,0.19705291599915092,20914
BLOG001,validation,0.05,0.27098214285714284,0.20213120213120214,0.264141584374876,2240
BLOG001,validation,0.1,0.22673510377147957,0.3383283383283383,0.2243613048922348,4481
BLOG001,validation,0.2,0.19747852281602143,0.5894105894105894,0.19793630574430815,8963
BLOG002,train,0.05,0.44185156847742924,0.329717385098487,0.4605614282479913,5228
BLOG002,train,0.1,0.3063019986611839,0.4571795603768199,0.302025670092244,10457
BLOG002,train,0.2,0.21516687386439706,0.642306594347702,0.2095561616525702,20914
BLOG002,validation,0.05,0.43705357142857143,0.326007326007326,0.4610813629992708,2240
BLOG002,validation,0.1,0.30707431376924793,0.45820845820845824,0.3033578818241391,4481
BLOG002,validation,0.2,0.2177842240321321,0.65001665001665,0.21042689516965019,8963
BLOG003,train,0.05,0.4667176740627391,0.3482729089351984,0.48210827388395633,5228
BLOG003,train,0.1,0.3439801090178828,0.5134170710819298,0.34118672123505045,10457
BLOG003,train,0.2,0.22372573395811418,0.6678561233228661,0.21961709206306648,20914
BLOG003,validation,0.05,0.45803571428571427,0.34165834165834164,0.4848967475159317,2240
BLOG003,validation,0.1,0.35259986610131666,0.5261405261405261,0.34333851612015087,4481
BLOG003,validation,0.2,0.22849492357469597,0.681984681984682,0.22076766925509966,8963
BLOG004,train,0.05,0.4751338944146901,0.3545532400799315,0.4999715163616297,5228
BLOG004,train,0.1,0.35536004590226644,0.5304025121324579,0.3479865385351894,10457
BLOG004,train,0.2,0.22955914698288227,0.6852697687696261,0.22219691931278088,20914
BLOG004,validation,0.05,0.4732142857142857,0.35298035298035296,0.5048408554770708,2240
BLOG004,validation,0.1,0.3586253068511493,0.5351315351315351,0.3509389788189633,4481
BLOG004,validation,0.2,0.2337387035590762,0.6976356976356977,0.2235362651265848,8963
BLOG005,train,0.05,0.4770466717674063,0.3559805880673708,0.5018564304189186,5228
BLOG005,train,0.1,0.35574256478913646,0.5309734513274337,0.3500084732943351,10457
BLOG005,train,0.2,0.23328870612986516,0.6964030830716529,0.22536945150780188,20914
BLOG005,validation,0.05,0.4767857142857143,0.35564435564435565,0.5049448564107369,2240
BLOG005,validation,0.1,0.3613032805177416,0.5391275391275391,0.35216607024399393,4481
BLOG005,validation,0.2,0.2402097511993752,0.716949716949717,0.2263957938806438,8963
BNB001,train,0.05,0.46958684009181334,0.3504139309163574,0.9864458979058824,5228
BNB001,train,0.1,0.3573682700583341,0.5333999429060805,0.8430885948968821,10457
BNB001,train,0.2,0.23596633833795544,0.7043962318013132,0.5042046796099857,20914
BNB001,validation,0.05,0.4732142857142857,0.35298035298035296,0.9873608427902744,2240
BNB001,validation,0.1,0.3624191028788217,0.5407925407925408,0.8441052514794292,4481
BNB001,validation,0.2,0.2384246346089479,0.7116217116217116,0.5048945705136884,8963
BNB002,train,0.05,0.46958684009181334,0.3504139309163574,0.9989896083343994,5228
BNB002,train,0.1,0.3573682700583341,0.5333999429060805,0.9822411236921835,10457
BNB002,train,0.2,0.23596633833795544,0.7043962318013132,0.8371982514590954,20914
BNB002,validation,0.05,0.4732142857142857,0.35298035298035296,0.9990607855687926,2240
BNB002,validation,0.1,0.3624191028788217,0.5407925407925408,0.9823607122551581,4481
BNB002,validation,0.2,0.2384246346089479,0.7116217116217116,0.8367641507338088,8963
BNB003,train,0.05,0.46958684009181334,0.3504139309163574,0.986445075005561,5228
BNB003,train,0.1,0.3573682700583341,0.5333999429060805,0.8430832620182417,10457
BNB003,train,0.2,0.23596633833795544,0.7043962318013132,0.5041989297535298,20914
BNB003,validation,0.05,0.4732142857142857,0.35298035298035296,0.9873601034594368,2240
BNB003,validation,0.1,0.3624191028788217,0.5407925407925408,0.8440999869926995,4481
BNB003,validation,0.2,0.2384246346089479,0.7116217116217116,0.504888940920896,8963
BNB004,train,0.05,0.46958684009181334,0.3504139309163574,0.998989544682024,5228
BNB004,train,0.1,0.3573682700583341,0.5333999429060805,0.9822402628502928,10457
BNB004,train,0.2,0.23596633833795544,0.7043962318013132,0.8371924971921434,20914
BNB004,validation,0.05,0.4732142857142857,0.35298035298035296,0.9990607285840429,2240
BNB004,validation,0.1,0.3624191028788217,0.5407925407925408,0.9823598624524645,4481
BNB004,validation,0.2,0.2384246346089479,0.7116217116217116,0.8367586649472009,8963
BNB005,train,0.05,0.46958684009181334,0.3504139309163574,0.9864440461353915,5228
BNB005,train,0.1,0.35746389978005166,0.5335426777048244,0.8430765950467848,10457
BNB005,train,0.2,0.23596633833795544,0.7043962318013132,0.5041917417147056,20914
BNB005,validation,0.05,0.47276785714285713,0.35264735264735264,0.9873591790611016,2240
BNB005,validation,0.1,0.3624191028788217,0.5407925407925408,0.8440934052192006,4481
BNB005,validation,0.2,0.2384246346089479,0.7116217116217116,0.5048819035760194,8963
BNB006,train,0.05,0.46958684009181334,0.3504139309163574,0.9989894650966004,5228
BNB006,train,0.1,0.35746389978005166,0.5335426777048244,0.9822391866174331,10457
BNB006,train,0.2,0.23596633833795544,0.7043962318013132,0.8371853031015584,20914
BNB006,validation,0.05,0.47276785714285713,0.35264735264735264,0.9990606573342012,2240
BNB006,validation,0.1,0.3624191028788217,0.5407925407925408,0.9823587999152898,4481
BNB006,validation,0.2,0.2384246346089479,0.7116217116217116,0.8367518080450841,8963
BNB007,train,0.05,0.46958684009181334,0.3504139309163574,0.9864409578936884,5228
BNB007,train,0.1,0.35746389978005166,0.5335426777048244,0.8430565861356266,10457
BNB007,train,0.2,0.23596633833795544,0.7043962318013132,0.5041701728132437,20914
BNB007,validation,0.05,0.4732142857142857,0.35298035298035296,0.987356404301497,2240
BNB007,validation,0.1,0.3624191028788217,0.5407925407925408,0.8440736521357282,4481
BNB007,validation,0.2,0.2384246346089479,0.7116217116217116,0.5048607866514128,8963
BNB008,train,0.05,0.46958684009181334,0.3504139309163574,0.9989892262073458,5228
BNB008,train,0.1,0.35746389978005166,0.5335426777048244,0.9822359559753852,10457
BNB008,train,0.2,0.23596633833795544,0.7043962318013132,0.8371637124552466,20914
BNB008,validation,0.05,0.4732142857142857,0.35298035298035296,0.999060443458697,2240
BNB008,validation,0.1,0.3624191028788217,0.5407925407925408,0.9823556104126373,4481
BNB008,validation,0.2,0.2384246346089479,0.7116217116217116,0.8367312286501598,8963
BNB009,train,0.05,0.46958684009181334,0.3504139309163574,0.9864358053905395,5228
BNB009,train,0.1,0.3573682700583341,0.5333999429060805,0.8430232131409653,10457
BNB009,train,0.2,0.23596633833795544,0.7043962318013132,0.5041342087151234,20914
BNB009,validation,0.05,0.4732142857142857,0.35298035298035296,0.9873517744909043,2240
BNB009,validation,0.1,0.3624191028788217,0.5407925407925408,0.8440407044798931,4481
BNB009,validation,0.2,0.2384246346089479,0.7116217116217116,0.5048255754977771,8963
BNB010,train,0.05,0.46958684009181334,0.3504139309163574,0.9989888276155848,5228
BNB010,train,0.1,0.3573682700583341,0.5333999429060805,0.9822305657184415,10457
BNB010,train,0.2,0.23596633833795544,0.7043962318013132,0.8371277001591048,20914
BNB010,validation,0.05,0.4732142857142857,0.35298035298035296,0.999060086579898,2240
BNB010,validation,0.1,0.3624191028788217,0.5407925407925408,0.9823502882768792,4481
BNB010,validation,0.2,0.2384246346089479,0.7116217116217116,0.8366969007283389,8963
BNB011,train,0.05,0.46958684009181334,0.3504139309163574,0.9864254800354523,5228
BNB011,train,0.1,0.35746389978005166,0.5335426777048244,0.8429563924761717,10457
BNB011,train,0.2,0.23596633833795544,0.7043962318013132,0.5040622283950206,20914
BNB011,validation,0.05,0.4732142857142857,0.35298035298035296,0.9873424953579185,2240
BNB011,validation,0.1,0.3626422673510377,0.5411255411255411,0.8439747752401217,4481
BNB011,validation,0.2,0.2384246346089479,0.7116217116217116,0.5047551015178945,8963
BNB012,train,0.05,0.46958684009181334,0.3504139309163574,0.9989880287728612,5228
BNB012,train,0.1,0.35746389978005166,0.5335426777048244,0.982219769477489,10457
BNB012,train,0.2,0.23596633833795544,0.7043962318013132,0.8370556025669857,20914
BNB012,validation,0.05,0.4732142857142857,0.35298035298035296,0.9990593712509904,2240
BNB012,validation,0.1,0.3626422673510377,0.5411255411255411,0.9823396417761058,4481
BNB012,validation,0.2,0.2384246346089479,0.7116217116217116,0.8366281763544584,8963
BNB013,train,0.05,0.46958684009181334,0.3504139309163574,0.986404758035063,5228
BNB013,train,0.1,0.35746389978005166,0.5335426777048244,0.8428223905091713,10457
BNB013,train,0.2,0.23596633833795544,0.7043962318013132,0.5039180634532697,20914
BNB013,validation,0.05,0.47276785714285713,0.35264735264735264,0.9873238807052138,2240
BNB013,validation,0.1,0.3624191028788217,0.5407925407925408,0.8438428404571365,4481
BNB013,validation,0.2,0.2384246346089479,0.7116217116217116,0.5046139496870616,8963
BNB014,train,0.05,0.46958684009181334,0.3504139309163574,0.9989864252747901,5228
BNB014,train,0.1,0.35746389978005166,0.5335426777048244,0.982198092824132,10457
BNB014,train,0.2,0.23596633833795544,0.7043962318013132,0.836911129905326,20914
BNB014,validation,0.05,0.47276785714285713,0.35264735264735264,0.9990579360658696,2240
BNB014,validation,0.1,0.3624191028788217,0.5407925407925408,0.9823183600087986,4481
BNB014,validation,0.2,0.2384246346089479,0.7116217116217116,0.8364904623451054,8963
BNB015,train,0.05,0.46958684009181334,0.3504139309163574,0.9863424894607657,5228
BNB015,train,0.1,0.3578464186669217,0.5341136168998002,0.8424179943658937,10457
BNB015,train,0.2,0.23596633833795544,0.7043962318013132,0.503483944862799,20914
BNB015,validation,0.05,0.47276785714285713,0.35264735264735264,0.9872677477777415,2240
BNB015,validation,0.1,0.3624191028788217,0.5407925407925408,0.8434462097765325,4481
BNB015,validation,0.2,0.2384246346089479,0.7116217116217116,0.504188653353538,8963
BNB016,train,0.05,0.46958684009181334,0.3504139309163574,0.998981606439104,5228
BNB016,train,0.1,0.3578464186669217,0.5341136168998002,0.982132555129132,10457
BNB016,train,0.2,0.23596633833795544,0.7043962318013132,0.8364754638918506,20914
BNB016,validation,0.05,0.47276785714285713,0.35264735264735264,0.9990536074561326,2240
BNB016,validation,0.1,0.3624191028788217,0.5407925407925408,0.9822545290619367,4481
BNB016,validation,0.2,0.2384246346089479,0.7116217116217116,0.8360742255721039,8963
BNB017,train,0.05,0.46920428462127006,0.35012846131886954,0.9862369820001305,5228
BNB017,train,0.1,0.3580376781103567,0.5343990864972881,0.8417375865281446,10457
BNB017,train,0.2,0.23587070861623793,0.7041107622038253,0.5027550615446491,20914
BNB017,validation,0.05,0.471875,0.351981351981352,0.9871732294094419,2240
BNB017,validation,0.1,0.3624191028788217,0.5407925407925408,0.8427810696816301,4481
BNB017,validation,0.2,0.2385362043958496,0.7119547119547119,0.5034744066727544,8963
BNB018,train,0.05,0.46920428462127006,0.35012846131886954,0.9989734338815457,5228
BNB018,train,0.1,0.3580376781103567,0.5343990864972881,0.982022147149201,10457
BNB018,train,0.2,0.23587070861623793,0.7041107622038253,0.8357416402435798,20914
BNB018,validation,0.05,0.471875,0.351981351981352,0.9990463162437404,2240
BNB018,validation,0.1,0.3624191028788217,0.5407925407925408,0.982147693831809,4481
BNB018,validation,0.2,0.2385362043958496,0.7119547119547119,0.8353728130732536,8963
CAT001,train,0.05,0.5021040550879877,0.37467884670282614,0.49738674317204906,5228
CAT001,train,0.1,0.3726690255331357,0.55623751070511,0.3647019932540767,10457
CAT001,train,0.2,0.24524242134455387,0.7320867827576363,0.23851766174887523,20914
CAT001,validation,0.05,0.48839285714285713,0.3643023643023643,0.4981376530552122,2240
CAT001,validation,0.1,0.374693148850703,0.5591075591075592,0.3654453648641544,4481
CAT001,validation,0.2,0.24679236862657591,0.7365967365967366,0.23897461605895298,8963
CAT002,train,0.05,0.5118592195868401,0.3819583214387668,0.497382685671097,5228
CAT002,train,0.1,0.37735488189729366,0.5632315158435627,0.36585779946149205,10457
CAT002,train,0.2,0.24677249689203404,0.7366542963174422,0.23967604758843358,20914
CAT002,validation,0.05,0.48839285714285713,0.3643023643023643,0.498285616443335,2240
CAT002,validation,0.1,0.3758089712117831,0.5607725607725608,0.36687815887979097,4481
CAT002,validation,0.2,0.24668079883967423,0.7362637362637363,0.2402489677679775,8963
CAT003,train,0.05,0.5021040550879877,0.37467884670282614,0.4958871915876756,5228
CAT003,train,0.1,0.3719039877593956,0.5550956323151585,0.3644781792621987,10457
CAT003,train,0.2,0.24538586592713016,0.7325149871538681,0.23833876962520817,20914
CAT003,validation,0.05,0.48973214285714284,0.3653013653013653,0.4973822077179047,2240
CAT003,validation,0.1,0.375139477795135,0.5597735597735598,0.3658175642539022,4481
CAT003,validation,0.2,0.24746178734798616,0.7385947385947386,0.23901759858355534,8963
CAT004,train,0.05,0.500956388676358,0.37382243791036257,0.49433589426665175,5228
CAT004,train,0.1,0.37046954193363296,0.5529546103339994,0.36331680370771097,10457
CAT004,train,0.2,0.24466864301424882,0.7303739651727091,0.23766449056972258,20914
CAT004,validation,0.05,0.49107142857142855,0.3663003663003663,0.4956719791335258,2240
CAT004,validation,0.1,0.37647846462843115,0.5617715617715617,0.36446108570828023,4481
CAT004,validation,0.2,0.24779649670869128,0.7395937395937396,0.23828160893526243,8963
EASTACK001,train,0.05,0.48967100229533284,0.3654010847844705,0.5524314620127618,5228
EASTACK001,train,0.1,0.36167160753562205,0.5398230088495575,0.4501752568537699,10457
EASTACK001,train,0.2,0.2394090083197858,0.7146731373108763,0.3174617168218807,20914
EASTACK001,validation,0.05,0.484375,0.3613053613053613,0.5526390532653778,2240
EASTACK001,validation,0.1,0.36777505021200624,0.5487845487845487,0.45080926795066223,4481
EASTACK001,validation,0.2,0.24210643757670422,0.7226107226107226,0.31777927866054645,8963
ET001,train,0.05,0.45313695485845445,0.3381387382243791,0.2118432846667436,5228
ET001,train,0.1,0.31691689777182747,0.4730231230373965,0.18306472060938686,10457
ET001,train,0.2,0.21822702495935736,0.6514416214673138,0.15573323240303436,20914
ET001,validation,0.05,0.46205357142857145,0.34465534465534464,0.2128874608467076,2240
ET001,validation,0.1,0.3231421557688016,0.4821844821844822,0.18337395327031228,4481
ET001,validation,0.2,0.22012718955706795,0.657009657009657,0.15580182340503929,8963
ET002,train,0.05,0.47169089517980106,0.3519840137025407,0.24925509523240078,5228
ET002,train,0.1,0.3352778043415894,0.5004282043962318,0.20919601159193188,10457
ET002,train,0.2,0.2239169934015492,0.6684270625178419,0.1730737904726144,20914
ET002,validation,0.05,0.4767857142857143,0.35564435564435565,0.25003742737114865,2240
ET002,validation,0.1,0.33898683329613927,0.5058275058275058,0.20925029413234614,4481
ET002,validation,0.2,0.22670980698426865,0.6766566766566766,0.1730865348222295,8963
ET003,train,0.05,0.47628156082631984,0.35540964887239507,0.2800991290179417,5228
ET003,train,0.1,0.34684900066940805,0.5176991150442478,0.22962916612096393,10457
ET003,train,0.2,0.229224442956871,0.6842706251784185,0.18335671537168188,20914
ET003,validation,0.05,0.478125,0.35664335664335667,0.27990711508740085,2240
ET003,validation,0.1,0.3488060700736443,0.5204795204795205,0.22908185455120905,4481
ET003,validation,0.2,0.23440812228048644,0.6996336996336996,0.1830474065014065,8963
ET004,train,0.05,0.42387146136189746,0.3163003140165572,0.19889586974983287,5228
ET004,train,0.1,0.2994166586975232,0.4469026548672566,0.18301170644494608,10457
ET004,train,0.2,0.2142583915080807,0.6395946331715672,0.15953004470824986,20914
ET004,validation,0.05,0.43526785714285715,0.3246753246753247,0.19812601431091878,2240
ET004,validation,0.1,0.2990403927694711,0.4462204462204462,0.18235895398573831,4481
ET004,validation,0.2,0.21410242106437577,0.639027639027639,0.1591875066107386,8963
ET005,train,0.05,0.46078806426931906,0.34384813017413646,0.8199859877109394,5228
ET005,train,0.1,0.3217940135794205,0.4803025977733371,0.781885361384035,10457
ET005,train,0.2,0.22004398967199004,0.6568655438195832,0.732034919883882,20914
ET005,validation,0.05,0.4575892857142857,0.3413253413253413,0.8198796638674821,2240
ET005,validation,0.1,0.3231421557688016,0.4821844821844822,0.7812415630344416,4481
ET005,validation,0.2,0.22202387593439696,0.6626706626706627,0.7316236190099141,8963
GB001,train,0.05,0.5021040550879877,0.37467884670282614,0.4905689603458861,5228
GB001,train,0.1,0.3763985846801186,0.5618041678561233,0.3664211415638735,10457
GB001,train,0.2,0.24868509132638425,0.7423636882671996,0.24044194178116973,20914
GB001,validation,0.05,0.48526785714285714,0.361971361971362,0.49096431956008907,2240
GB001,validation,0.1,0.37380049096183887,0.5577755577755578,0.36719946546559973,4481
GB001,validation,0.2,0.2464576592658708,0.7355977355977356,0.24091567494155475,8963
GB002,train,0.05,0.5112853863810253,0.381530117042535,0.4913801413184425,5228
GB002,train,0.1,0.38567466768671704,0.5756494433342849,0.3677983552475313,10457
GB002,train,0.2,0.25346657741225975,0.7566371681415929,0.242670729379471,20914
GB002,validation,0.05,0.4830357142857143,0.3603063603063603,0.4920584023613878,2240
GB002,validation,0.1,0.3742468199062709,0.5584415584415584,0.36864707741414415,4481
GB002,validation,0.2,0.24545353118375543,0.7326007326007326,0.2431112014951434,8963
GB003,train,0.05,0.5026778882938026,0.37510705109905795,0.49262455518624687,5228
GB003,train,0.1,0.37725925217557615,0.5630887810448187,0.3673896232118316,10457
GB003,train,0.2,0.24897198049153677,0.7432200970596632,0.2412358404675566,20914
GB003,validation,0.05,0.4861607142857143,0.3626373626373626,0.4934084188757705,2240
GB003,validation,0.1,0.37357732648962283,0.5574425574425574,0.36817598582723376,4481
GB003,validation,0.2,0.24567667075755886,0.7332667332667333,0.24171321518987746,8963
GB004,train,0.05,0.5024866105585309,0.374964316300314,0.48929837638862445,5228
GB004,train,0.1,0.37515539829779093,0.5599486154724522,0.3657681872917419,10457
GB004,train,0.2,0.2477766089700679,0.7396517270910647,0.23999066782726625,20914
GB004,validation,0.05,0.484375,0.3613053613053613,0.48991366716951806,2240
GB004,validation,0.1,0.37380049096183887,0.5577755577755578,0.3666586563324176,4481
GB004,validation,0.2,0.24556510097065715,0.732933732933733,0.2405817982956983,8963
GNB001,train,0.05,0.3362662586074981,0.2509277761918356,0.3625146837264916,5228
GNB001,train,0.1,0.2603041025150617,0.38852412218098775,0.22708992469941475,10457
GNB001,train,0.2,0.20201778712823945,0.6030545246931202,0.12442036843075771,20914
GNB001,validation,0.05,0.33348214285714284,0.24875124875124874,0.36293212071881453,2240
GNB001,validation,0.1,0.2635572416871234,0.3932733932733933,0.22411926324982961,4481
GNB001,validation,0.2,0.20227602365279482,0.6037296037296037,0.12254870382262606,8963
GNB007,train,0.05,0.3678270849273145,0.27447901798458463,0.3087299359119965,5228
GNB007,train,0.1,0.27149277995601034,0.40522409363402795,0.20798070595437113,10457
GNB007,train,0.2,0.20560390169264608,0.6137596345989152,0.12442533867784378,20914
GNB007,validation,0.05,0.3821428571428571,0.28504828504828505,0.31311557382167204,2240
GNB007,validation,0.1,0.27627761660343675,0.41225441225441223,0.20939109073918574,4481
GNB007,validation,0.2,0.20573468704674774,0.614052614052614,0.12517705678930557,8963
GNB008,train,0.05,0.36476664116296864,0.2721952612046817,0.504446698640643,5228
GNB008,train,0.1,0.272927225781773,0.40736511561518696,0.3752278272450772,10457
GNB008,train,0.2,0.20531701252749354,0.6129032258064516,0.23709697619357142,20914
GNB008,validation,0.05,0.37857142857142856,0.28238428238428237,0.5072121314009068,2240
GNB008,validation,0.1,0.27828609685338096,0.41525141525141523,0.37381369886377164,4481
GNB008,validation,0.2,0.2052884078991409,0.6127206127206127,0.2355027326125372,8963
GNB009,train,0.05,0.3550114766641163,0.2649157864687411,0.3281387453926507,5228
GNB009,train,0.1,0.2740747824423831,0.4090779332001142,0.209995988433093,10457
GNB009,train,0.2,0.20617768002295114,0.6154724521838424,0.1186269261779963,20914
GNB009,validation,0.05,0.37142857142857144,0.27705627705627706,0.333923644102587,2240
GNB009,validation,0.1,0.27650078107565274,0.4125874125874126,0.21072664707797792,4481
GNB009,validation,0.2,0.20595782662055115,0.6147186147186147,0.11860070083400757,8963
GNB010,train,0.05,0.3494644223412395,0.260776477305167,0.3033145903007903,5228
GNB010,train,0.1,0.2739791527206656,0.40893519840137027,0.18733121227877922,10457
GNB010,train,0.2,0.2064167543272449,0.6161861261775621,0.1035199231108195,20914
GNB010,validation,0.05,0.3580357142857143,0.26706626706626707,0.31004748428100576,2240
GNB010,validation,0.1,0.27583128765900466,0.4115884115884116,0.18866870644699324,4481
GNB010,validation,0.2,0.20629253598125627,0.6157176157176157,0.10387975294645803,8963
LASSOSTACK001,train,0.05,0.5214231063504208,0.38909506137596345,0.5348647171004015,5228
LASSOSTACK001,train,0.1,0.3741034713588983,0.5583785326862689,0.3813085231238973,10457
LASSOSTACK001,train,0.2,0.24251697427560487,0.7239508992292321,0.240856942961785,20914
LASSOSTACK001,validation,0.05,0.47901785714285716,0.3573093573093573,0.5365353832158295,2240
LASSOSTACK001,validation,0.1,0.36978353046195045,0.5517815517815517,0.3824106307328428,4481
LASSOSTACK001,validation,0.2,0.24311056565881958,0.7256077256077256,0.24156884807869156,8963
LGB001,train,0.05,0.5156847742922723,0.38481301741364543,0.4967619258586717,5228
LGB001,train,0.1,0.38701348379076217,0.5776477305166999,0.36927494086514207,10457
LGB001,train,0.2,0.2535143922731185,0.7567799029403368,0.24289905941703754,20914
LGB001,validation,0.05,0.48125,0.358974358974359,0.4979361428162095,2240
LGB001,validation,0.1,0.37290783307297476,0.5564435564435565,0.37011282992436434,4481
LGB001,validation,0.2,0.24612294990516567,0.7345987345987346,0.243589252687939,8963
LGB002,train,0.05,0.5497322111706198,0.41021981159006565,0.5012172606632553,5228
LGB002,train,0.1,0.4068088361862867,0.6071938338566942,0.37344443247623144,10457
LGB002,train,0.2,0.26307736444486945,0.7853268626891237,0.24613555423457145,20914
LGB002,validation,0.05,0.4799107142857143,0.35797535797535796,0.4993086922620283,2240
LGB002,validation,0.1,0.3731309975451908,0.5567765567765568,0.37236468264450767,4481
LGB002,validation,0.2,0.24589981033136227,0.733932733932734,0.24566387731764144,8963
LGB003,train,0.05,0.5147283856159143,0.3840993434199258,0.4967363141635547,5228
LGB003,train,0.1,0.3832839246437793,0.5720810733656866,0.36912131772554846,10457
LGB003,train,0.2,0.25231902075164964,0.7532115329717385,0.24320014640514953,20914
LGB003,validation,0.05,0.48482142857142857,0.36163836163836166,0.4975878231959839,2240
LGB003,validation,0.1,0.3742468199062709,0.5584415584415584,0.37008777083302774,4481
LGB003,validation,0.2,0.2448956822492469,0.7309357309357309,0.2439975568136827,8963
LGB004,train,0.05,0.5116679418515685,0.38181558664002285,0.49465995200383767,5228
LGB004,train,0.1,0.38089318160084157,0.5685127033970883,0.36808948621859827,10457
LGB004,train,0.2,0.2512192789518983,0.749928632600628,0.24296848358625941,20914
LGB004,validation,0.05,0.48660714285714285,0.36297036297036295,0.496345346753663,2240
LGB004,validation,0.1,0.37357732648962283,0.5574425574425574,0.3695317715658323,4481
LGB004,validation,0.2,0.2447841124623452,0.7306027306027306,0.24388332343772445,8963
LRSTACK001,train,0.05,0.5210405508798776,0.38880959177847557,0.5357326536552196,5228
LRSTACK001,train,0.1,0.3739122119154633,0.558093063088781,0.38262045660315974,10457
LRSTACK001,train,0.2,0.2428994931624749,0.7250927776191836,0.24178536499957892,20914
LRSTACK001,validation,0.05,0.4758928571428571,0.354978354978355,0.5373246966608233,2240
LRSTACK001,validation,0.1,0.36978353046195045,0.5517815517815517,0.38364531552779135,4481
LRSTACK001,validation,0.2,0.2429989958719179,0.7252747252747253,0.24248812258278035,8963
NN001,train,0.05,0.4868018362662586,0.36326006280331147,0.4842243149680963,5228
NN001,train,0.1,0.36281916419623217,0.5415358264344847,0.34910038762435003,10457
NN001,train,0.2,0.23979152720665584,0.7158150157008278,0.22730943778458496,20914
NN001,validation,0.05,0.47767857142857145,0.3563103563103563,0.4861671381996404,2240
NN001,validation,0.1,0.3726846686007588,0.5561105561105562,0.35079339644439456,4481
NN001,validation,0.2,0.2429989958719179,0.7252747252747253,0.2284311040544022,8963
NN002,train,0.05,0.4812547819433818,0.3591207536397374,0.46941128196376986,5228
NN002,train,0.1,0.3610021994835995,0.53882386525835,0.34213232118954673,10457
NN002,train,0.2,0.2376876733288706,0.7095346845560948,0.2266427370653265,20914
NN002,validation,0.05,0.4732142857142857,0.35298035298035296,0.46870882461221824,2240
NN002,validation,0.1,0.3644275831287659,0.5437895437895438,0.34247432373840614,4481
NN002,validation,0.2,0.24221800736360594,0.7229437229437229,0.227237476976183,8963
NN003,train,0.05,0.49655700076511095,0.37053953753925206,0.5180877532984084,5228
NN003,train,0.1,0.36951324471645786,0.5515272623465601,0.38379710401954487,10457
NN003,train,0.2,0.2435210863536387,0.7269483300028547,0.2516277620068475,20914
NN003,validation,0.05,0.4816964285714286,0.3593073593073593,0.5188463424956796,2240
NN003,validation,0.1,0.37067618835081456,0.5531135531135531,0.38505346399833124,4481
NN003,validation,0.2,0.24556510097065715,0.732933732933733,0.25222945008548675,8963
NN004,train,0.05,0.4801071155317521,0.35826434484727376,0.48750885798593546,5228
NN004,train,0.1,0.35956775365783683,0.536682843277191,0.3584126365202677,10457
NN004,train,0.2,0.23797456249402313,0.7103910933485584,0.23528689492181565,20914
NN004,validation,0.05,0.4763392857142857,0.3553113553113553,0.48827158225562095,2240
NN004,validation,0.1,0.36978353046195045,0.5517815517815517,0.359924016269269,4481
NN004,validation,0.2,0.24110230949458886,0.7196137196137196,0.2362263639823327,8963
NN005,train,0.05,0.46499617444529456,0.346988295746503,0.41454464506287936,5228
NN005,train,0.1,0.3385292148799847,0.5052811875535256,0.30538350456504826,10457
NN005,train,0.2,0.22415606770584298,0.6691407365115615,0.2178322672036939,20914
NN005,validation,0.05,0.4660714285714286,0.34765234765234765,0.41576497490605124,2240
NN005,validation,0.1,0.3430037937960277,0.5118215118215118,0.30635239575800793,4481
NN005,validation,0.2,0.22682137677117037,0.6769896769896769,0.21844647837122216,8963
NN006,train,0.05,0.4843152257077276,0.36140451041964033,0.486408139069923,5228
NN006,train,0.1,0.3639667208568423,0.543248644019412,0.3525562542514079,10457
NN006,train,0.2,0.23979152720665584,0.7158150157008278,0.23099492083383205,20914
NN006,validation,0.05,0.4758928571428571,0.354978354978355,0.48817947934432754,2240
NN006,validation,0.1,0.3695603659897344,0.5514485514485514,0.35417429898858344,4481
NN006,validation,0.2,0.24244114693740934,0.7236097236097236,0.2321619086941383,8963
NN007,train,0.05,0.4934965570007651,0.3682557807593491,0.48184262527607624,5228
NN007,train,0.1,0.36913072582958784,0.5509563231515844,0.35857299098766054,10457
NN007,train,0.2,0.24323419718848618,0.7260919212103911,0.2370068776905698,20914
NN007,validation,0.05,0.490625,0.36596736596736595,0.4816467781288608,2240
NN007,validation,0.1,0.3702298594063825,0.5524475524475524,0.3584228732233357,4481
NN007,validation,0.2,0.2446725426754435,0.7302697302697303,0.23697775113093275,8963
NN008,train,0.05,0.4908186687069625,0.36625749357693405,0.4556475041523324,5228
NN008,train,0.1,0.36827005833413023,0.5496717099628889,0.33246328385805435,10457
NN008,train,0.2,0.24318638232762743,0.7259491864116472,0.21654119235249267,20914
NN008,validation,0.05,0.48080357142857144,0.35864135864135865,0.4546984939818919,2240
NN008,validation,0.1,0.3700066949341665,0.5521145521145521,0.33246655414881926,4481
NN008,validation,0.2,0.2448956822492469,0.7309357309357309,0.21662965942175463,8963
NN009,train,0.05,0.49808722264728383,0.37168141592920356,0.4839383275301984,5228
NN009,train,0.1,0.36989576360332793,0.5520982015415358,0.36050522356840675,10457
NN009,train,0.2,0.24600745911829397,0.7343705395375393,0.2399610098885052,20914
NN009,validation,0.05,0.4875,0.36363636363636365,0.4852965609224134,2240
NN009,validation,0.1,0.36710555679535817,0.5477855477855478,0.3625125472716119,4481
NN009,validation,0.2,0.24545353118375543,0.7326007326007326,0.24106722315664317,8963
NN010,train,0.05,0.48584544758990056,0.3625463888095918,0.5068394482819164,5228
NN010,train,0.1,0.36128908864875203,0.5392520696545818,0.38452641992999287,10457
NN010,train,0.2,0.23783111791144687,0.7099628889523266,0.25875834652605106,20914
NN010,validation,0.05,0.4816964285714286,0.3593073593073593,0.509805244150907,2240
NN010,validation,0.1,0.36465074760098193,0.5441225441225441,0.38806248225766043,4481
NN010,validation,0.2,0.24355684480642642,0.726939726939727,0.26128633742973106,8963
NN011,train,0.05,0.4799158377964805,0.3581216100485298,0.4688020207088188,5228
NN011,train,0.1,0.3598546428229894,0.5371110476734228,0.3422852956290053,10457
NN011,train,0.2,0.23740078416371807,0.7086782757636312,0.227401611419812,20914
NN011,validation,0.05,0.47276785714285713,0.35264735264735264,0.46791021868234645,2240
NN011,validation,0.1,0.3637580897121178,0.5427905427905428,0.34243399347023573,4481
NN011,validation,0.2,0.24221800736360594,0.7229437229437229,0.22789809025422902,8963
NN012,train,0.05,0.47417750573833206,0.3538395660862118,0.510132311862462,5228
NN012,train,0.1,0.3585158267189443,0.5351127604910078,0.37397795049374133,10457
NN012,train,0.2,0.2365401166682605,0.7061090493862404,0.24972587061218843,20914
NN012,validation,0.05,0.46919642857142857,0.34998334998334996,0.509600522759539,2240
NN012,validation,0.1,0.36755188573979025,0.5484515484515484,0.3746074959326661,4481
NN012,validation,0.2,0.24255271672431106,0.723942723942724,0.2504719930403432,8963
NN013,train,0.05,0.481637337413925,0.3594062232372252,0.4780951105190966,5228
NN013,train,0.1,0.36281916419623217,0.5415358264344847,0.34633531898467984,10457
NN013,train,0.2,0.23902648943291574,0.713531258920925,0.22745614894262964,20914
NN013,validation,0.05,0.47276785714285713,0.35264735264735264,0.4771324108490871,2240
NN013,validation,0.1,0.3664360633787101,0.5467865467865468,0.34720472144396375,4481
NN013,validation,0.2,0.24389155416713154,0.7279387279387279,0.22826159864584733,8963
NN014,train,0.05,0.4802983932670237,0.3584070796460177,0.47853587047719465,5228
NN014,train,0.1,0.3588027158840968,0.5355409648872395,0.35347419687362713,10457
NN014,train,0.2,0.23735296930285932,0.7085355409648872,0.23210305017577232,20914
NN014,validation,0.05,0.4763392857142857,0.3553113553113553,0.4782930411655265,2240
NN014,validation,0.1,0.3711225172952466,0.5537795537795538,0.35486773556626966,4481
NN014,validation,0.2,0.2399866116255718,0.7162837162837162,0.232679027350305,8963
NN015,train,0.05,0.48087222647283856,0.3588352840422495,0.5041352286522989,5228
NN015,train,0.1,0.3598546428229894,0.5371110476734228,0.3802827237290954,10457
NN015,train,0.2,0.23735296930285932,0.7085355409648872,0.25196560173827,20914
NN015,validation,0.05,0.4763392857142857,0.3553113553113553,0.5040062022823051,2240
NN015,validation,0.1,0.3704530238785985,0.5527805527805528,0.38185349933709006,4481
NN015,validation,0.2,0.24087916992078545,0.7189477189477189,0.2527360258478451,8963
NN016,train,0.05,0.4799158377964805,0.3581216100485298,0.5050415782512329,5228
NN016,train,0.1,0.35641197284115905,0.5319725949186411,0.36894362942588416,10457
NN016,train,0.2,0.2360141531988142,0.7045389666000571,0.24548367840529858,20914
NN016,validation,0.05,0.47410714285714284,0.35364635364635366,0.5061348220857599,2240
NN016,validation,0.1,0.3682213791564383,0.5494505494505495,0.37088550820651284,4481
NN016,validation,0.2,0.2385362043958496,0.7119547119547119,0.24683651372080556,8963
NN017,train,0.05,0.48469778117827084,0.36168998001712815,0.46839891501164704,5228
NN017,train,0.1,0.361097829205317,0.538966600057094,0.34501355486978835,10457
NN017,train,0.2,0.2375920436071531,0.7092492149586069,0.22956364501515888,20914
NN017,validation,0.05,0.4785714285714286,0.356976356976357,0.4705127674364401,2240
NN017,validation,0.1,0.3693372015175184,0.5511155511155511,0.3472508588419216,4481
NN017,validation,0.2,0.24054446056008033,0.717948717948718,0.23075055125863897,8963
NN018,train,0.05,0.48508033664881406,0.36197544961461603,0.4838981958164911,5228
NN018,train,0.1,0.3638710911351248,0.543105909220668,0.357715059626331,10457
NN018,train,0.2,0.24017404609352586,0.7169568940907793,0.23312495829517968,20914
NN018,validation,0.05,0.48035714285714287,0.35830835830835833,0.48297320962379797,2240
NN018,validation,0.1,0.3720151751841107,0.5551115551115551,0.35849209862042014,4481
NN018,validation,0.2,0.24534196139685374,0.7322677322677322,0.2338687301897207,8963
NN019,train,0.05,0.4885233358837031,0.36454467599200685,0.5011228253021577,5228
NN019,train,0.1,0.36540116668260497,0.5453896660005709,0.37660331561189236,10457
NN019,train,0.2,0.24218227024959357,0.7229517556380245,0.25270809028570135,20914
NN019,validation,0.05,0.4870535714285714,0.3633033633033633,0.5028120487995442,2240
NN019,validation,0.1,0.37134568176746263,0.5541125541125541,0.3787426490514212,4481
NN019,validation,0.2,0.24601138011826398,0.7342657342657343,0.25400886610114765,8963
NNSTACK001,train,0.05,0.5160673297628157,0.3850984870111333,0.5234420354644369,5228
NNSTACK001,train,0.1,0.3741991010806159,0.5585212674850129,0.37199760641378066,10457
NNSTACK001,train,0.2,0.2429951228841924,0.7253782472166714,0.2376671406500206,20914
NNSTACK001,validation,0.05,0.478125,0.35664335664335667,0.5235322212487362,2240
NNSTACK001,validation,0.1,0.36710555679535817,0.5477855477855478,0.37238465286498057,4481
NNSTACK001,validation,0.2,0.24366841459332814,0.7272727272727273,0.23795801873041753,8963
RASTACK001,train,0.05,0.4680566182096404,0.3492720525264059,0.9631320443225776,5228
RASTACK001,train,0.1,0.35277804341589364,0.5265486725663717,0.9343379317460792,10457
RASTACK001,train,0.2,0.23434063306875777,0.6995432486440194,0.8853002327865356,20914
RASTACK001,validation,0.05,0.475,0.3543123543123543,0.9629511619823392,2240
RASTACK001,validation,0.1,0.3577326489622852,0.5337995337995338,0.9337110377834127,4481
RASTACK001,validation,0.2,0.23920562311725985,0.713952713952714,0.8848204916015697,8963
RF001,train,0.05,0.4824024483550115,0.35997716243220096,0.40293846049030524,5228
RF001,train,0.1,0.365783685569475,0.5459606051955467,0.3038502609158904,10457
RF001,train,0.2,0.2368748206942718,0.7071081929774479,0.2117495464463968,20914
RF001,validation,0.05,0.47276785714285713,0.35264735264735264,0.4043371594922175,2240
RF001,validation,0.1,0.36755188573979025,0.5484515484515484,0.30493886791406766,4481
RF001,validation,0.2,0.23898248354345644,0.7132867132867133,0.21212778756763326,8963
RF002,train,0.05,0.49024483550114767,0.36582928918070223,0.4278373867083598,5228
RF002,train,0.1,0.37037391221191546,0.5528118755352555,0.3253058164265572,10457
RF002,train,0.2,0.24309075260590993,0.7256637168141593,0.2223329642434096,20914
RF002,validation,0.05,0.4799107142857143,0.35797535797535796,0.4284019662885628,2240
RF002,validation,0.1,0.3704530238785985,0.5527805527805528,0.32603757759203705,4481
RF002,validation,0.2,0.24456097288854178,0.72993672993673,0.22245999187344143,8963
RF003,train,0.05,0.49655700076511095,0.37053953753925206,0.4361913098279484,5228
RF003,train,0.1,0.3741991010806159,0.5585212674850129,0.334402819140198,10457
RF003,train,0.2,0.24959357368270058,0.7450756494433343,0.2291706356617578,20914
RF003,validation,0.05,0.47901785714285716,0.3573093573093573,0.43597763666038236,2240
RF003,validation,0.1,0.3695603659897344,0.5514485514485514,0.3347680227158453,4481
RF003,validation,0.2,0.24534196139685374,0.7322677322677322,0.2291873986379378,8963
RF004,train,0.05,0.4820198928844682,0.3596916928347131,0.4118592626566428,5228
RF004,train,0.1,0.3664530936214976,0.5469597487867542,0.3157268343205444,10457
RF004,train,0.2,0.24227789997131108,0.7232372252355124,0.21897718159121451,20914
RF004,validation,0.05,0.47544642857142855,0.3546453546453546,0.41245505798384136,2240
RF004,validation,0.1,0.3684445436286543,0.5497835497835498,0.31625876319551594,4481
RF004,validation,0.2,0.24433783331473838,0.7292707292707292,0.21907552460658045,8963
RF005,train,0.05,0.48986228003060445,0.3655438195832144,0.90792594599272,5228
RF005,train,0.1,0.366166204456345,0.5465315443905224,0.8475437585752364,10457
RF005,train,0.2,0.24256478913646362,0.724093634027976,0.7335538659280404,20914
RF005,validation,0.05,0.47544642857142855,0.3546453546453546,0.9081565806076798,2240
RF005,validation,0.1,0.36598973443427807,0.5461205461205462,0.8469835583785122,4481
RF005,validation,0.2,0.24433783331473838,0.7292707292707292,0.7327100104782929,8963
RFSTACK001,train,0.05,0.49885233358837033,0.37225235512417926,0.4790817477460183,5228
RFSTACK001,train,0.1,0.37199961748111315,0.5552383671139024,0.3603582464209181,10457
RFSTACK001,train,0.2,0.2454336807879889,0.732657721952612,0.23651471466354804,20914
RFSTACK001,validation,0.05,0.4861607142857143,0.3626373626373626,0.47980098899605245,2240
RFSTACK001,validation,0.1,0.3740236554340549,0.5581085581085581,0.36141944816735005,4481
RFSTACK001,validation,0.2,0.24556510097065715,0.732933732933733,0.2369797213798209,8963
RIDGESTACK001,train,0.05,0.5141545524100994,0.383671139023694,0.5118550199816105,5228
RIDGESTACK001,train,0.1,0.3717127283159606,0.5548101627176706,0.37439079384882495,10457
RIDGESTACK001,train,0.2,0.24175193650186477,0.7216671424493292,0.2395940004162256,20914
RIDGESTACK001,validation,0.05,0.4861607142857143,0.3626373626373626,0.5118395030164408,2240
RIDGESTACK001,validation,0.1,0.37179201071189466,0.5547785547785548,0.3750804725294355,4481
RIDGESTACK001,validation,0.2,0.24221800736360594,0.7229437229437229,0.2399712022553835,8963
RLOG001,train,0.05,0.3605585309869931,0.26905509563231517,0.30394323221209196,5228
RLOG001,train,0.1,0.2701539638519652,0.4032258064516129,0.2540353542282882,10457
RLOG001,train,0.2,0.20593860571865735,0.6147587781901227,0.20190252041890316,20914
RLOG001,validation,0.05,0.36875,0.27505827505827507,0.30331732957855206,2240
RLOG001,validation,0.1,0.2740459718812765,0.4089244089244089,0.2538601499223783,4481
RLOG001,validation,0.2,0.2065156755550597,0.6163836163836164,0.20202696209625023,8963
RLOG002,train,0.05,0.38083397092578425,0.28418498429917216,0.34411201390347146,5228
RLOG002,train,0.1,0.27780434158936596,0.4146445903511276,0.272406711626127,10457
RLOG002,train,0.2,0.202304676293392,0.6039109334855838,0.20696515882310162,20914
RLOG002,validation,0.05,0.3861607142857143,0.28804528804528806,0.34251503967626906,2240
RLOG002,validation,0.1,0.2836420441865655,0.42324342324342323,0.2718734876826283,4481
RLOG002,validation,0.2,0.20573468704674774,0.614052614052614,0.20715694173869947,8963
RLOG003,train,0.05,0.38255547054322875,0.28546959748786754,0.34915423530722994,5228
RLOG003,train,0.1,0.27789997131108346,0.41478732514987154,0.27467345829748036,10457
RLOG003,train,0.2,0.20244812087596825,0.6043391378818156,0.2076808040133817,20914
RLOG003,validation,0.05,0.38571428571428573,0.28771228771228774,0.3474880419588541,2240
RLOG003,validation,0.1,0.28565052443650973,0.42624042624042624,0.2742069307422037,4481
RLOG003,validation,0.2,0.20551154747294434,0.6133866133866134,0.20795194694710878,8963
RLOG004,train,0.05,0.38274674827850036,0.2856123322866115,0.3496754737481408,5228
RLOG004,train,0.1,0.27751745242421344,0.4142163859548958,0.2749028863015148,10457
RLOG004,train,0.2,0.20254375059768576,0.6046246074793035,0.20775907100828594,20914
RLOG004,validation,0.05,0.3861607142857143,0.28804528804528806,0.34799714151675404,2240
RLOG004,validation,0.1,0.28609685338094176,0.4269064269064269,0.2744440422024602,4481
RLOG004,validation,0.2,0.20551154747294434,0.6133866133866134,0.2080414746791302,8963
RLOG005,train,0.05,0.3638102524866106,0.27148158721096205,0.3118490682884532,5228
RLOG005,train,0.1,0.27130152051257533,0.40493862403654013,0.2591127606247645,10457
RLOG005,train,0.2,0.204838863918906,0.6114758778190122,0.2053928424852906,20914
RLOG005,validation,0.05,0.3674107142857143,0.27405927405927405,0.31051384338076626,2240
RLOG005,validation,0.1,0.2771702744923008,0.41358641358641357,0.2587361673441584,4481
RLOG005,validation,0.2,0.20562311725984603,0.6137196137196137,0.2055607142060497,8963
RLOG006,train,0.05,0.3800688599846978,0.2836140451041964,0.34223762455567275,5228
RLOG006,train,0.1,0.27675241465047334,0.41307450756494435,0.27170928318812404,10457
RLOG006,train,0.2,0.20235249115425075,0.6040536682843277,0.20711993392120062,20914
RLOG006,validation,0.05,0.38526785714285716,0.28737928737928736,0.34057484934060644,2240
RLOG006,validation,0.1,0.28408837313099755,0.42390942390942393,0.27120135207727714,4481
RLOG006,validation,0.2,0.2050652683253375,0.6120546120546121,0.20735893120981144,8963
RLOG007,train,0.05,0.38255547054322875,0.28546959748786754,0.3488700406621398,5228
RLOG007,train,0.1,0.27780434158936596,0.4146445903511276,0.27455485771146987,10457
RLOG007,train,0.2,0.202495935736827,0.6044818726805595,0.2076910059916431,20914
RLOG007,validation,0.05,0.38660714285714287,0.2883782883782884,0.3471990529777865,2240
RLOG007,validation,0.1,0.2854273599642937,0.4259074259074259,0.2740896683784097,4481
RLOG007,validation,0.2,0.20551154747294434,0.6133866133866134,0.20796841636045077,8963
RLOG008,train,0.05,0.38255547054322875,0.28546959748786754,0.3496685495144572,5228
RLOG008,train,0.1,0.27732619298077843,0.4139309163574079,0.27490153256057936,10457
RLOG008,train,0.2,0.20254375059768576,0.6046246074793035,0.20776221014490523,20914
RLOG008,validation,0.05,0.3861607142857143,0.28804528804528806,0.3479888830617505,2240
RLOG008,validation,0.1,0.2863200178531578,0.42723942723942726,0.2744442944297271,4481
RLOG008,validation,0.2,0.20551154747294434,0.6133866133866134,0.20804577310824096,8963
T001,train,0.05,0.4584927314460597,0.34213531258920926,0.4606033230034183,5228
T001,train,0.1,0.3258104618915559,0.4862974593205824,0.32830500282141384,10457
T001,train,0.2,0.21822702495935736,0.6514416214673138,0.2184997334998921,20914
T001,validation,0.05,0.44419642857142855,0.33133533133533133,0.46268013685866,2240
T001,validation,0.1,0.3289444320464182,0.4908424908424908,0.3297099422028748,4481
T001,validation,0.2,0.21532968872029454,0.6426906426906427,0.21918987386573,8963
T002,train,0.05,0.4743687834736037,0.35398230088495575,0.47179388138458905,5228
T002,train,0.1,0.35669886200631157,0.5324007993148729,0.35676364343070077,10457
T002,train,0.2,0.2351534857033566,0.7019697402226663,0.2337791342316004,20914
T002,validation,0.05,0.4611607142857143,0.343989343989344,0.4748998004507364,2240
T002,validation,0.1,0.36041062262887746,0.5377955377955378,0.3589815108603935,4481
T002,validation,0.2,0.23507754100189668,0.7016317016317016,0.23505079738095905,8963
T003,train,0.05,0.4892884468247896,0.3651156151869826,0.4881045471857736,5228
T003,train,0.1,0.36540116668260497,0.5453896660005709,0.36557601765482417,10457
T003,train,0.2,0.23936119345892704,0.7145304025121325,0.23946590564512607,20914
T003,validation,0.05,0.47276785714285713,0.35264735264735264,0.49294121020153014,2240
T003,validation,0.1,0.35884847132336534,0.5354645354645354,0.3680025617482828,4481
T003,validation,0.2,0.2416601584290974,0.7212787212787213,0.24062322412283332,8963
T004,train,0.05,0.4724560061208875,0.3525549528975164,0.47223674314877934,5228
T004,train,0.1,0.35564693506741896,0.5308307165286897,0.35551120255917473,10457
T004,train,0.2,0.23544037486850913,0.7028261490151299,0.23389595619701548,20914
T004,validation,0.05,0.4616071428571429,0.3443223443223443,0.4749848141173136,2240
T004,validation,0.1,0.35572416871234097,0.5308025308025308,0.35655788666369487,4481
T004,validation,0.2,0.23574695972330692,0.7036297036297037,0.23448729641902047,8963
T005,train,0.05,0.4818286151491966,0.35954895803596915,0.4823363705919177,5228
T005,train,0.1,0.36176723725733956,0.5399657436483014,0.3615434940671624,10457
T005,train,0.2,0.2390743042937745,0.7136739937196689,0.23860194164342124,20914
T005,validation,0.05,0.4660714285714286,0.34765234765234765,0.48598972505138394,2240
T005,validation,0.1,0.35639366212898904,0.5318015318015318,0.3629668342980073,4481
T005,validation,0.2,0.24099073970768717,0.7192807192807192,0.23913191362731867,8963
T006,train,0.05,0.473221117061974,0.3531258920924921,0.9192643766431708,5228
T006,train,0.1,0.35536004590226644,0.5304025121324579,0.861827519885094,10457
T006,train,0.2,0.2325236683561251,0.6941193262917499,0.7399013063834448,20914
T006,validation,0.05,0.4669642857142857,0.3483183483183483,0.9203083372259339,2240
T006,validation,0.1,0.35148404374023656,0.5244755244755245,0.8622226011327655,4481
T006,validation,0.2,0.2319535869686489,0.6923076923076923,0.7399208510300607,8963
T007,train,0.05,0.48737566947207345,0.3636882671995432,0.9231605567318604,5228
T007,train,0.1,0.36434923974371236,0.5438195832143876,0.8658496870640571,10457
T007,train,0.2,0.23816582193745817,0.7109620325435341,0.7485516764432858,20914
T007,validation,0.05,0.46517857142857144,0.346986346986347,0.9240698559507923,2240
T007,validation,0.1,0.3579558134345012,0.5341325341325341,0.8672724552651784,4481
T007,validation,0.2,0.23808992524824277,0.7106227106227107,0.749442672289349,8963
WASTACK001,train,0.05,0.48986228003060445,0.3655438195832144,0.5634584132419269,5228
WASTACK001,train,0.1,0.36176723725733956,0.5399657436483014,0.4601038841661255,10457
WASTACK001,train,0.2,0.23931337859806828,0.7143876677133886,0.32372089711316143,20914
WASTACK001,validation,0.05,0.48482142857142857,0.36163836163836166,0.5637111070413655,2240
WASTACK001,validation,0.1,0.36710555679535817,0.5477855477855478,0.4607906306274556,4481
WASTACK001,validation,0.2,0.24232957715050765,0.7232767232767233,0.3240613176929194,8963
WASTACK002,train,0.05,0.48986228003060445,0.3655438195832144,0.5658017717518886,5228
WASTACK002,train,0.1,0.36128908864875203,0.5392520696545818,0.4624471889252042,10457
WASTACK002,train,0.2,0.23931337859806828,0.7143876677133886,0.32498724324922273,20914
WASTACK002,validation,0.05,0.48526785714285714,0.361971361971362,0.566057058714639,2240
WASTACK002,validation,0.1,0.36665922785092614,0.5471195471195471,0.46313658678240255,4481
WASTACK002,validation,0.2,0.24232957715050765,0.7232767232767233,0.3253315861760498,8963
WASTACK003,train,0.05,0.49139250191277734,0.36668569797316586,0.47247792677826794,5228
WASTACK003,train,0.1,0.36434923974371236,0.5438195832143876,0.35987065964413484,10457
WASTACK003,train,0.2,0.24022186095438464,0.7170996288895233,0.2493448034366512,20914
WASTACK003,validation,0.05,0.4861607142857143,0.3626373626373626,0.473044624262785,2240
WASTACK003,validation,0.1,0.3700066949341665,0.5521145521145521,0.3606511688375929,4481
WASTACK003,validation,0.2,0.2429989958719179,0.7252747252747253,0.24971898129852255,8963
WASTACK004,train,0.05,0.5118592195868401,0.3819583214387668,0.497382685671097,5228
WASTACK004,train,0.1,0.37735488189729366,0.5632315158435627,0.36585779946149205,10457
WASTACK004,train,0.2,0.24677249689203404,0.7366542963174422,0.23967604758843358,20914
WASTACK004,validation,0.05,0.48839285714285713,0.3643023643023643,0.498285616443335,2240
WASTACK004,validation,0.1,0.3758089712117831,0.5607725607725608,0.36687815887979097,4481
WASTACK004,validation,0.2,0.24668079883967423,0.7362637362637363,0.2402489677679775,8963
WGNB001,train,0.05,0.4693955623565417,0.3502711961176135,0.999982885618104,5228
WGNB001,train,0.1,0.3491441139906283,0.5211247502141022,0.976124280016177,10457
WGNB001,train,0.2,0.23577507889452043,0.7038252926063374,0.550202296013225,20914
WGNB001,validation,0.05,0.471875,0.351981351981352,0.9999883495791879,2240
WGNB001,validation,0.1,0.34791341218478017,0.5191475191475191,0.9767109242922276,4481
WGNB001,validation,0.2,0.2383130648220462,0.7112887112887113,0.5520263401877654,8963
WGNB002,train,0.05,0.4693955623565417,0.3502711961176135,0.9999828856196498,5228
WGNB002,train,0.1,0.3491441139906283,0.5211247502141022,0.9761242807073086,10457
WGNB002,train,0.2,0.23577507889452043,0.7038252926063374,0.550202299752693,20914
WGNB002,validation,0.05,0.471875,0.351981351981352,0.9999883495806259,2240
WGNB002,validation,0.1,0.34791341218478017,0.5191475191475191,0.9767109252589247,4481
WGNB002,validation,0.2,0.2383130648220462,0.7112887112887113,0.5520263440188856,8963
WGNB003,train,0.05,0.4693955623565417,0.3502711961176135,0.9999828856196359,5228
WGNB003,train,0.1,0.3491441139906283,0.5211247502141022,0.9761242807010823,10457
WGNB003,train,0.2,0.23577507889452043,0.7038252926063374,0.550202299719004,20914
WGNB003,validation,0.05,0.471875,0.351981351981352,0.9999883495806129,2240
WGNB003,validation,0.1,0.34791341218478017,0.5191475191475191,0.9767109252502157,4481
WGNB003,validation,0.2,0.2383130648220462,0.7112887112887113,0.5520263439843708,8963
WGNB004,train,0.05,0.4693955623565417,0.3502711961176135,0.9999828856194966,5228
WGNB004,train,0.1,0.3491441139906283,0.5211247502141022,0.9761242806388183,10457
WGNB004,train,0.2,0.23577507889452043,0.7038252926063374,0.550202299382115,20914
WGNB004,validation,0.05,0.471875,0.351981351981352,0.9999883495804832,2240
WGNB004,validation,0.1,0.34791341218478017,0.5191475191475191,0.9767109251631259,4481
WGNB004,validation,0.2,0.2383130648220462,0.7112887112887113,0.5520263436392248,8963
WGNB005,train,0.05,0.4693955623565417,0.3502711961176135,0.999982885618104,5228
WGNB005,train,0.1,0.3491441139906283,0.5211247502141022,0.976124280016177,10457
WGNB005,train,0.2,0.23577507889452043,0.7038252926063374,0.550202296013225,20914
WGNB005,validation,0.05,0.471875,0.351981351981352,0.9999883495791879,2240
WGNB005,validation,0.1,0.34791341218478017,0.5191475191475191,0.9767109242922276,4481
WGNB005,validation,0.2,0.2383130648220462,0.7112887112887113,0.5520263401877654,8963
WGNB006,train,0.05,0.4693955623565417,0.3502711961176135,0.9999828856041776,5228
WGNB006,train,0.1,0.3491441139906283,0.5211247502141022,0.9761242737895705,10457
WGNB006,train,0.2,0.23577507889452043,0.7038252926063374,0.5502022623244179,20914
WGNB006,validation,0.05,0.471875,0.351981351981352,0.9999883495662345,2240
WGNB006,validation,0.1,0.34791341218478017,0.5191475191475191,0.9767109155831318,4481
WGNB006,validation,0.2,0.2383130648220462,0.7112887112887113,0.5520263056732592,8963
WGNB007,train,0.05,0.4693955623565417,0.3502711961176135,0.9999828854648911,5228
WGNB007,train,0.1,0.3491441139906283,0.5211247502141022,0.9761242115040007,10457
WGNB007,train,0.2,0.23577507889452043,0.7038252926063374,0.5502019254456524,20914
WGNB007,validation,0.05,0.471875,0.351981351981352,0.9999883494366998,2240
WGNB007,validation,0.1,0.34791341218478017,0.5191475191475191,0.9767108284809393,4481
WGNB007,validation,0.2,0.2383130648220462,0.7112887112887113,0.5520259605370427,8963
WGNB008,train,0.05,0.4693955623565417,0.3502711961176135,0.999982884069829,5228
WGNB008,train,0.1,0.3491441139906283,0.5211247502141022,0.9761235867018762,10457
WGNB008,train,0.2,0.23577507889452043,0.7038252926063374,0.5501985575894768,20914
WGNB008,validation,0.05,0.471875,0.351981351981352,0.9999883481412336,2240
WGNB008,validation,0.1,0.34791341218478017,0.5191475191475191,0.9767099563375516,4481
WGNB008,validation,0.2,0.2384246346089479,0.7116217116217116,0.552022510058526,8963
WGNB009,train,0.05,0.4693955623565417,0.3502711961176135,0.9999828699047515,5228
WGNB009,train,0.1,0.3491441139906283,0.5211247502141022,0.9761171477760787,10457
WGNB009,train,0.2,0.2359185234770967,0.7042534970025692,0.5501651592677809,20914
WGNB009,validation,0.05,0.471875,0.351981351981352,0.9999883351752191,2240
WGNB009,validation,0.1,0.3476902477125642,0.5188145188145188,0.9767011365161635,4481
WGNB009,validation,0.2,0.2385362043958496,0.7119547119547119,0.5519882633763954,8963
WGNB010,train,0.05,0.46958684009181334,0.3504139309163574,0.9999827415010317,5228
WGNB010,train,0.1,0.3491441139906283,0.5211247502141022,0.9760452605765327,10457
WGNB010,train,0.2,0.2359185234770967,0.7042534970025692,0.5498516018758102,20914
WGNB010,validation,0.05,0.471875,0.351981351981352,0.999988207076167,2240
WGNB010,validation,0.1,0.34791341218478017,0.5191475191475191,0.9766218734636973,4481
WGNB010,validation,0.2,0.23898248354345644,0.7132867132867133,0.5516631632955522,8963
WGNB011,train,0.05,0.4483550114766641,0.33457036825578074,0.9996819801097092,5228
WGNB011,train,0.1,0.3405374390360524,0.5082786183271482,0.8299709743422216,10457
WGNB011,train,0.2,0.2247776608970068,0.6709962888952327,0.4536567596313413,20914
WGNB011,validation,0.05,0.44151785714285713,0.32933732933732934,0.9997209116860426,2240
WGNB011,validation,0.1,0.3523767016291007,0.5258075258075258,0.8370517597631881,4481
WGNB011,validation,0.2,0.23295771505076426,0.6953046953046953,0.4582093489295219,8963
WGNB012,train,0.05,0.4678653404743688,0.349129317727662,0.9999772591105441,5228
WGNB012,train,0.1,0.34847470593860574,0.5201256066228946,0.9724640375282679,10457
WGNB012,train,0.2,0.2361097829205317,0.704824436197545,0.5285943332960433,20914
WGNB012,validation,0.05,0.4714285714285714,0.3516483516483517,0.9999834302629245,2240
WGNB012,validation,0.1,0.34679758982370007,0.5174825174825175,0.9735164778636722,4481
WGNB012,validation,0.2,0.24043289077317861,0.7176157176157176,0.5293811121858214,8963
WGNB013,train,0.05,0.4680566182096404,0.3492720525264059,0.9999798915020467,5228
WGNB013,train,0.1,0.34809218705173567,0.5195546674279189,0.9748453652259335,10457
WGNB013,train,0.2,0.23639667208568424,0.7056808449900086,0.5402499433488723,20914
WGNB013,validation,0.05,0.471875,0.351981351981352,0.999985814473593,2240
WGNB013,validation,0.1,0.3490292345458603,0.5208125208125208,0.9753813970501335,4481
WGNB013,validation,0.2,0.24065603034698205,0.7182817182817183,0.5410137057906566,8963
WGNB014,train,0.05,0.46958684009181334,0.3504139309163574,0.9999815876269439,5228
WGNB014,train,0.1,0.3490484842689108,0.5209820154153583,0.9753036204185037,10457
WGNB014,train,0.2,0.236635746389978,0.7063945189837282,0.5442086479306097,20914
WGNB014,validation,0.05,0.47276785714285713,0.35264735264735264,0.9999870689907642,2240
WGNB014,validation,0.1,0.34858290560142824,0.5201465201465202,0.9756233437346586,4481
WGNB014,validation,0.2,0.23976347205176837,0.7156177156177156,0.5452700027200658,8963
WLOG001,train,0.05,0.2637719969395562,0.19683128746788467,0.2673587272053701,5228
WLOG001,train,0.1,0.22712058907908578,0.3389951470168427,0.2255232386874911,10457
WLOG001,train,0.2,0.19666252271205892,0.5870682272337996,0.19705446404639168,20914
WLOG001,validation,0.05,0.27098214285714284,0.20213120213120214,0.26782475166289205,2240
WLOG001,validation,0.1,0.22673510377147957,0.3383283383283383,0.22575086394779245,4481
WLOG001,validation,0.2,0.19747852281602143,0.5894105894105894,0.1979689633370511,8963
WLOG002,train,0.05,0.4433817903596021,0.33085926348843847,0.46211187311344804,5228
WLOG002,train,0.1,0.3063019986611839,0.4571795603768199,0.30487461512904385,10457
WLOG002,train,0.2,0.21564502247298462,0.6437339423351414,0.21317282308180882,20914
WLOG002,validation,0.05,0.44107142857142856,0.329004329004329,0.4626515625157767,2240
WLOG002,validation,0.1,0.3097522874358402,0.4622044622044622,0.3062359488369353,4481
WLOG002,validation,0.2,0.21789579381903382,0.6503496503496503,0.214142658521702,8963
WLOG003,train,0.05,0.4684391736801836,0.3495575221238938,0.48707947014730685,5228
WLOG003,train,0.1,0.3429281820789902,0.5118469882957465,0.3431210279739663,10457
WLOG003,train,0.2,0.22315195562780912,0.6661433057379389,0.22013870386791246,20914
WLOG003,validation,0.05,0.46383928571428573,0.345987345987346,0.49030662008683357,2240
WLOG003,validation,0.1,0.3490292345458603,0.5208125208125208,0.3453744639557472,4481
WLOG003,validation,0.2,0.22827178400089257,0.6813186813186813,0.22132127736219268,8963
WLOG004,train,0.05,0.4772379495026779,0.35612332286611476,0.5022457911658127,5228
WLOG004,train,0.1,0.35392560007650375,0.5282614901512989,0.34702484207054474,10457
WLOG004,train,0.2,0.22778999713110834,0.6799885812161005,0.221572786488597,20914
WLOG004,validation,0.05,0.4772321428571429,0.35597735597735597,0.5068150762711748,2240
WLOG004,validation,0.1,0.3570631555456371,0.5328005328005329,0.34991692900211857,4481
WLOG004,validation,0.2,0.2338502733459779,0.697968697968698,0.2228478349326675,8963
WLOG005,train,0.05,0.47647283856159145,0.355552383671139,0.5036561847448907,5228
WLOG005,train,0.1,0.35516878645883143,0.53011704253497,0.3493341170251188,10457
WLOG005,train,0.2,0.23338433585158266,0.6966885526691408,0.22454865678218927,20914
WLOG005,validation,0.05,0.48392857142857143,0.36097236097236096,0.506605455819672,2240
WLOG005,validation,0.1,0.36085695157330955,0.5384615384615384,0.35140379803817134,4481
WLOG005,validation,0.2,0.24032132098627693,0.7172827172827173,0.22549420469584958,8963
XGB001,train,0.05,0.5022953328232593,0.3748215815015701,0.49811252116495724,5228
XGB001,train,0.1,0.3741034713588983,0.5583785326862689,0.36425159762423687,10457
XGB001,train,0.2,0.24667686717031653,0.7363688267199543,0.23841502227439892,20914
XGB001,validation,0.05,0.49464285714285716,0.36896436896436896,0.5016686769601489,2240
XGB001,validation,0.1,0.374693148850703,0.5591075591075592,0.36670068007472156,4481
XGB001,validation,0.2,0.24690393841347763,0.736929736929737,0.2398472689769636,8963
XGB002,train,0.05,0.5024866105585309,0.374964316300314,0.4973320457186513,5228
XGB002,train,0.1,0.37601606579324853,0.5612332286611476,0.36406026816515163,10457
XGB002,train,0.2,0.24643779286602277,0.7356551527262346,0.23851923957898852,20914
XGB002,validation,0.05,0.490625,0.36596736596736595,0.5004910125397146,2240
XGB002,validation,0.1,0.375139477795135,0.5597735597735598,0.36616892201497175,4481
XGB002,validation,0.2,0.24723864777418275,0.7379287379287379,0.2397427157624936,8963
XGB003,train,0.05,0.4892884468247896,0.3651156151869826,0.4932535955569812,5228
XGB003,train,0.1,0.36913072582958784,0.5509563231515844,0.35707014613868837,10457
XGB003,train,0.2,0.24237352969302858,0.7235226948330002,0.23379532786856946,20914
XGB003,validation,0.05,0.4924107142857143,0.3672993672993673,0.4966202403817858,2240
XGB003,validation,0.1,0.374693148850703,0.5591075591075592,0.35935520526554615,4481
XGB003,validation,0.2,0.24701550820037935,0.7372627372627373,0.2349859538608519,8963
XGB004,train,0.05,0.4868018362662586,0.36326006280331147,0.49314399092089795,5228
XGB004,train,0.1,0.3686525772210003,0.5502426491578647,0.3561529052469007,10457
XGB004,train,0.2,0.24175193650186477,0.7216671424493292,0.2331582738648207,20914
XGB004,validation,0.05,0.48660714285714285,0.36297036297036295,0.4963140871375799,2240
XGB004,validation,0.1,0.37536264226735105,0.5601065601065601,0.35844000491599,4481
XGB004,validation,0.2,0.24601138011826398,0.7342657342657343,0.23438689483903846,8963
XGBSTACK001,train,0.05,0.5124330527926549,0.38238652583499855,0.4951588891748718,5228
XGBSTACK001,train,0.1,0.37697236301042364,0.5626605766485869,0.36807558661530004,10457
XGBSTACK001,train,0.2,0.2468203117528928,0.7367970311161861,0.24256907934136812,20914
XGBSTACK001,validation,0.05,0.484375,0.3613053613053613,0.4946038103396339,2240
XGBSTACK001,validation,0.1,0.37536264226735105,0.5601065601065601,0.3683655993151255,4481
XGBSTACK001,validation,0.2,0.24668079883967423,0.7362637362637363,0.24269507138837226,8963
