model_id,model_family,validation_auc,validation_ks,validation_log_loss,validation_brier_score,auc_gap,feature_count,selection_score,model_artifact_available,model_artifact_path,governance_flag,governance_checks
WLOG001,logistic,0.7805340973657805,0.4526678181434962,0.20977811007279917,0.05667851198106224,0.00030295662483947883,1,0.6733403090170988,True,/Users/sumanchattopadhyay/Documents/Documents - Suman’s MacBook Air/Projects/credit-risk-mlops-lab/outputs_src/models/WLOG001.joblib,governance_friendly_interpretable,"Logistic model; review coefficient direction, p-value, and odds ratio."
WLOG002,logistic,0.8187563301639926,0.5013715179449144,0.19458257940563828,0.052442594266043974,-0.0019678443223053455,2,0.7999590368684819,True,/Users/sumanchattopadhyay/Documents/Documents - Suman’s MacBook Air/Projects/credit-risk-mlops-lab/outputs_src/models/WLOG002.joblib,governance_friendly_interpretable,"Logistic model; review coefficient direction, p-value, and odds ratio."
WLOG003,logistic,0.8453578595636281,0.5441305000065224,0.186090140950424,0.05077732399067291,-0.0052673871450187315,3,0.8875889539345082,True,/Users/sumanchattopadhyay/Documents/Documents - Suman’s MacBook Air/Projects/credit-risk-mlops-lab/outputs_src/models/WLOG003.joblib,governance_friendly_interpretable,"Logistic model; review coefficient direction, p-value, and odds ratio."
WLOG004,logistic,0.8521826223074608,0.554981776247381,0.18381946269439997,0.05009982994214576,-0.00442998578797571,4,0.9144717679156898,True,/Users/sumanchattopadhyay/Documents/Documents - Suman’s MacBook Air/Projects/credit-risk-mlops-lab/outputs_src/models/WLOG004.joblib,governance_friendly_interpretable,"Logistic model; review coefficient direction, p-value, and odds ratio."
WLOG005,logistic,0.8553948761654314,0.5599068029115382,0.18286780199857572,0.0499583963343481,-0.004148621591534285,5,0.9258491600190351,True,/Users/sumanchattopadhyay/Documents/Documents - Suman’s MacBook Air/Projects/credit-risk-mlops-lab/outputs_src/models/WLOG005.joblib,governance_friendly_interpretable,"Logistic model; review coefficient direction, p-value, and odds ratio."
BLOG001,logistic,0.7805363312250957,0.4526678181434962,0.2098697503079558,0.05669963964194954,0.00029848007643407115,1,0.6733167704834491,True,/Users/sumanchattopadhyay/Documents/Documents - Suman’s MacBook Air/Projects/credit-risk-mlops-lab/outputs_src/models/BLOG001.joblib,governance_friendly_interpretable,"Logistic model; review coefficient direction, p-value, and odds ratio."
BLOG002,logistic,0.8182930970274922,0.5015831253455016,0.19462150716166035,0.05245332611808753,-0.0018018296652786425,2,0.799647136610813,True,/Users/sumanchattopadhyay/Documents/Documents - Suman’s MacBook Air/Projects/credit-risk-mlops-lab/outputs_src/models/BLOG002.joblib,governance_friendly_interpretable,"Logistic model; review coefficient direction, p-value, and odds ratio."
BLOG003,logistic,0.8447574212748556,0.541438639802824,0.18618698487317337,0.05083793759865252,-0.005026346000469473,3,0.8845691325645967,True,/Users/sumanchattopadhyay/Documents/Documents - Suman’s MacBook Air/Projects/credit-risk-mlops-lab/outputs_src/models/BLOG003.joblib,governance_friendly_interpretable,"Logistic model; review coefficient direction, p-value, and odds ratio."
BLOG004,logistic,0.851238161720297,0.5539461495122279,0.1836562149962112,0.050173766576792594,-0.004348474072582875,4,0.9117762586201281,True,/Users/sumanchattopadhyay/Documents/Documents - Suman’s MacBook Air/Projects/credit-risk-mlops-lab/outputs_src/models/BLOG004.joblib,governance_friendly_interpretable,"Logistic model; review coefficient direction, p-value, and odds ratio."
BLOG005,logistic,0.8552253537186814,0.5594212311818855,0.1827497323964531,0.05005326005641051,-0.003715941597303485,5,0.9263596348597425,True,/Users/sumanchattopadhyay/Documents/Documents - Suman’s MacBook Air/Projects/credit-risk-mlops-lab/outputs_src/models/BLOG005.joblib,governance_friendly_interpretable,"Logistic model; review coefficient direction, p-value, and odds ratio."
RLOG001,logistic,0.806244735000654,0.47780967776663,0.20343738318511875,0.05519870941076537,-0.002469002751035565,17,0.7285736250772836,True,/Users/sumanchattopadhyay/Documents/Documents - Suman’s MacBook Air/Projects/credit-risk-mlops-lab/outputs_src/models/RLOG001.joblib,governance_friendly_interpretable,"Logistic model; review coefficient direction, p-value, and odds ratio."
RLOG002,logistic,0.807548910648351,0.47920611459139223,0.20176004123897534,0.054521668695544104,-0.0029645895016633395,17,0.732048292633429,True,/Users/sumanchattopadhyay/Documents/Documents - Suman’s MacBook Air/Projects/credit-risk-mlops-lab/outputs_src/models/RLOG002.joblib,governance_friendly_interpretable,"Logistic model; review coefficient direction, p-value, and odds ratio."
RLOG003,logistic,0.8073018442153181,0.4778886393178257,0.20171856200259944,0.05447257559513629,-0.002928632820213939,17,0.7304963364364719,True,/Users/sumanchattopadhyay/Documents/Documents - Suman’s MacBook Air/Projects/credit-risk-mlops-lab/outputs_src/models/RLOG003.joblib,governance_friendly_interpretable,"Logistic model; review coefficient direction, p-value, and odds ratio."
RLOG004,logistic,0.807258759798579,0.47767884767454294,0.20171979202957885,0.05446835630324921,-0.0029260791935904473,17,0.7302266758888537,True,/Users/sumanchattopadhyay/Documents/Documents - Suman’s MacBook Air/Projects/credit-risk-mlops-lab/outputs_src/models/RLOG004.joblib,governance_friendly_interpretable,"Logistic model; review coefficient direction, p-value, and odds ratio."
RLOG005,logistic,0.8076789642652751,0.4768545655329986,0.2030529299347145,0.05505599285121338,-0.0027512512842094994,17,0.7301369281503434,True,/Users/sumanchattopadhyay/Documents/Documents - Suman’s MacBook Air/Projects/credit-risk-mlops-lab/outputs_src/models/RLOG005.joblib,governance_friendly_interpretable,"Logistic model; review coefficient direction, p-value, and odds ratio."
RLOG006,logistic,0.8076700367918621,0.47895575510728333,0.2017977393652506,0.05454493502977246,-0.0029756249197254725,17,0.7320235767096109,True,/Users/sumanchattopadhyay/Documents/Documents - Suman’s MacBook Air/Projects/credit-risk-mlops-lab/outputs_src/models/RLOG006.joblib,governance_friendly_interpretable,"Logistic model; review coefficient direction, p-value, and odds ratio."
RLOG007,logistic,0.807308860365253,0.47817925605269557,0.20172425333785737,0.05447541044041566,-0.002933581834020371,17,0.7307522699119122,True,/Users/sumanchattopadhyay/Documents/Documents - Suman’s MacBook Air/Projects/credit-risk-mlops-lab/outputs_src/models/RLOG007.joblib,governance_friendly_interpretable,"Logistic model; review coefficient direction, p-value, and odds ratio."
RLOG008,logistic,0.8072605994474269,0.47770276310956467,0.20172019663300889,0.054468564711812856,-0.002926068221629885,17,0.7302517659095377,True,/Users/sumanchattopadhyay/Documents/Documents - Suman’s MacBook Air/Projects/credit-risk-mlops-lab/outputs_src/models/RLOG008.joblib,governance_friendly_interpretable,"Logistic model; review coefficient direction, p-value, and odds ratio."
GNB001,naive_bayes,0.7839026138638708,0.4539471147305844,0.4427518603614709,0.06181463611192905,0.002333610974309619,17,0.5808984613867822,True,/Users/sumanchattopadhyay/Documents/Documents - Suman’s MacBook Air/Projects/credit-risk-mlops-lab/outputs_src/models/GNB001.joblib,acceptable_with_supporting_diagnostics,Naive Bayes model; review class-separation behavior and probability calibration.
GNB002,naive_bayes,0.7481805116329439,0.3914902240343481,0.29046838561154553,0.06246656617858608,0.0009202124671403578,5,0.5138947376435066,True,/Users/sumanchattopadhyay/Documents/Documents - Suman’s MacBook Air/Projects/credit-risk-mlops-lab/outputs_src/models/GNB002.joblib,acceptable_with_supporting_diagnostics,Naive Bayes model; review class-separation behavior and probability calibration.
GNB003,naive_bayes,0.7287081710241416,0.3645830899382341,0.2855103398229579,0.061410771445534126,0.004345056391106605,6,0.438627859250738,True,/Users/sumanchattopadhyay/Documents/Documents - Suman’s MacBook Air/Projects/credit-risk-mlops-lab/outputs_src/models/GNB003.joblib,acceptable_with_supporting_diagnostics,Naive Bayes model; review class-separation behavior and probability calibration.
GNB004,naive_bayes,0.7328281442573307,0.37304889112896,0.3426969244039133,0.06135878202110378,0.004633156591698162,8,0.4340093887270514,True,/Users/sumanchattopadhyay/Documents/Documents - Suman’s MacBook Air/Projects/credit-risk-mlops-lab/outputs_src/models/GNB004.joblib,acceptable_with_supporting_diagnostics,Naive Bayes model; review class-separation behavior and probability calibration.
GNB005,naive_bayes,0.7349559330833546,0.37896145085124855,0.34400800192849573,0.06162450736145561,0.004102656872152721,9,0.44374518251980866,True,/Users/sumanchattopadhyay/Documents/Documents - Suman’s MacBook Air/Projects/credit-risk-mlops-lab/outputs_src/models/GNB005.joblib,acceptable_with_supporting_diagnostics,Naive Bayes model; review class-separation behavior and probability calibration.
GNB006,naive_bayes,0.7333519743119399,0.37431853553248295,0.3448225005719047,0.0615605598634494,0.005043533087630614,11,0.43072336017028023,True,/Users/sumanchattopadhyay/Documents/Documents - Suman’s MacBook Air/Projects/credit-risk-mlops-lab/outputs_src/models/GNB006.joblib,acceptable_with_supporting_diagnostics,Naive Bayes model; review class-separation behavior and probability calibration.
GNB007,naive_bayes,0.8018421526815844,0.4711139293575798,0.31572983862170717,0.06002683641075946,-0.0006860663515311227,5,0.6944799180904844,True,/Users/sumanchattopadhyay/Documents/Documents - Suman’s MacBook Air/Projects/credit-risk-mlops-lab/outputs_src/models/GNB007.joblib,acceptable_with_supporting_diagnostics,Naive Bayes model; review class-separation behavior and probability calibration.
GNB008,naive_bayes,0.7941222136228593,0.46718240863742366,0.30459828115442367,0.058659408776815976,-0.000955971237955433,8,0.6744466231872428,True,/Users/sumanchattopadhyay/Documents/Documents - Suman’s MacBook Air/Projects/credit-risk-mlops-lab/outputs_src/models/GNB008.joblib,acceptable_with_supporting_diagnostics,Naive Bayes model; review class-separation behavior and probability calibration.
GNB009,naive_bayes,0.79337473482975,0.4653687298973566,0.3524777588535744,0.06051474605629127,-0.0008350534014383015,10,0.6531491967398699,True,/Users/sumanchattopadhyay/Documents/Documents - Suman’s MacBook Air/Projects/credit-risk-mlops-lab/outputs_src/models/GNB009.joblib,acceptable_with_supporting_diagnostics,Naive Bayes model; review class-separation behavior and probability calibration.
GNB010,naive_bayes,0.7926794630410643,0.4633831276104199,0.43800943197638625,0.061779752022522824,-0.0005469459864817505,12,0.6209588131907501,True,/Users/sumanchattopadhyay/Documents/Documents - Suman’s MacBook Air/Projects/credit-risk-mlops-lab/outputs_src/models/GNB010.joblib,acceptable_with_supporting_diagnostics,Naive Bayes model; review class-separation behavior and probability calibration.
BNB001,naive_bayes,0.8587046911411955,0.5678471334950026,0.33962973132100044,0.0751062548403582,-0.005248674629432903,44,0.8263164906032916,True,/Users/sumanchattopadhyay/Documents/Documents - Suman’s MacBook Air/Projects/credit-risk-mlops-lab/outputs_src/models/BNB001.joblib,acceptable_with_supporting_diagnostics,Naive Bayes model; review class-separation behavior and probability calibration.
BNB002,naive_bayes,0.8587046911411955,0.5678471334950026,0.5833827669345046,0.13223089276170333,-0.005248674629432903,44,0.7137294792991706,True,/Users/sumanchattopadhyay/Documents/Documents - Suman’s MacBook Air/Projects/credit-risk-mlops-lab/outputs_src/models/BNB002.joblib,acceptable_with_supporting_diagnostics,Naive Bayes model; review class-separation behavior and probability calibration.
BNB003,naive_bayes,0.8587046991050434,0.5678471334950026,0.3396263797845208,0.07510571574219214,-0.005248637242099008,44,0.8263180131131515,True,/Users/sumanchattopadhyay/Documents/Documents - Suman’s MacBook Air/Projects/credit-risk-mlops-lab/outputs_src/models/BNB003.joblib,acceptable_with_supporting_diagnostics,Naive Bayes model; review class-separation behavior and probability calibration.
BNB004,naive_bayes,0.8587046991050434,0.5678471334950026,0.5833746193959687,0.13222900894736592,-0.005248637242099008,44,0.7137333583188646,True,/Users/sumanchattopadhyay/Documents/Documents - Suman’s MacBook Air/Projects/credit-risk-mlops-lab/outputs_src/models/BNB004.joblib,acceptable_with_supporting_diagnostics,Naive Bayes model; review class-separation behavior and probability calibration.
BNB005,naive_bayes,0.8587052486105435,0.5678471334950026,0.33962219060046095,0.07510504183986967,-0.0052488590487365094,44,0.8263202462315186,True,/Users/sumanchattopadhyay/Documents/Documents - Suman’s MacBook Air/Projects/credit-risk-mlops-lab/outputs_src/models/BNB005.joblib,acceptable_with_supporting_diagnostics,Naive Bayes model; review class-separation behavior and probability calibration.
BNB006,naive_bayes,0.8587052486105435,0.5678471334950026,0.5833644342884237,0.13222665400819214,-0.0052488590487365094,44,0.7137385374524062,True,/Users/sumanchattopadhyay/Documents/Documents - Suman’s MacBook Air/Projects/credit-risk-mlops-lab/outputs_src/models/BNB006.joblib,acceptable_with_supporting_diagnostics,Naive Bayes model; review class-separation behavior and probability calibration.
BNB007,naive_bayes,0.858707096223239,0.5678471334950026,0.3396096246281849,0.0751030199355641,-0.005250747623789853,44,0.8263236074239155,True,/Users/sumanchattopadhyay/Documents/Documents - Suman’s MacBook Air/Projects/credit-risk-mlops-lab/outputs_src/models/BNB007.joblib,acceptable_with_supporting_diagnostics,Naive Bayes model; review class-separation behavior and probability calibration.
BNB008,naive_bayes,0.858707096223239,0.5678471334950026,0.5833338744543448,0.13221958805003955,-0.005250747623789853,44,0.7137507391939311,True,/Users/sumanchattopadhyay/Documents/Documents - Suman’s MacBook Air/Projects/credit-risk-mlops-lab/outputs_src/models/BNB008.joblib,acceptable_with_supporting_diagnostics,Naive Bayes model; review class-separation behavior and probability calibration.
BNB009,naive_bayes,0.858707382921761,0.5679188798000678,0.33958868660087965,0.07509964943784458,-0.005247823166047438,44,0.8264060279572417,True,/Users/sumanchattopadhyay/Documents/Documents - Suman’s MacBook Air/Projects/credit-risk-mlops-lab/outputs_src/models/BNB009.joblib,acceptable_with_supporting_diagnostics,Naive Bayes model; review class-separation behavior and probability calibration.
BNB010,naive_bayes,0.858707382921761,0.5679188798000678,0.5832829263283386,0.13220780765755324,-0.005247823166047438,44,0.7138479023249925,True,/Users/sumanchattopadhyay/Documents/Documents - Suman’s MacBook Air/Projects/credit-risk-mlops-lab/outputs_src/models/BNB010.joblib,acceptable_with_supporting_diagnostics,Naive Bayes model; review class-separation behavior and probability calibration.
BNB011,naive_bayes,0.8587092225706088,0.5679179480298723,0.33954683023236293,0.07509290598226415,-0.0052460639791731545,44,0.8264319237706085,True,/Users/sumanchattopadhyay/Documents/Documents - Suman’s MacBook Air/Projects/credit-risk-mlops-lab/outputs_src/models/BNB011.joblib,acceptable_with_supporting_diagnostics,Naive Bayes model; review class-separation behavior and probability calibration.
BNB012,naive_bayes,0.8587092225706088,0.5679179480298723,0.5831809737385419,0.13218423268815802,-0.0052460639791731545,44,0.7139033145492824,True,/Users/sumanchattopadhyay/Documents/Documents - Suman’s MacBook Air/Projects/credit-risk-mlops-lab/outputs_src/models/BNB012.joblib,acceptable_with_supporting_diagnostics,Naive Bayes model; review class-separation behavior and probability calibration.
BNB013,naive_bayes,0.8587134991568914,0.5678222862897851,0.33946319593348245,0.07507940926486091,-0.00524365199760124,44,0.8263977476530202,True,/Users/sumanchattopadhyay/Documents/Documents - Suman’s MacBook Air/Projects/credit-risk-mlops-lab/outputs_src/models/BNB013.joblib,acceptable_with_supporting_diagnostics,Naive Bayes model; review class-separation behavior and probability calibration.
BNB014,naive_bayes,0.8587134991568914,0.5678222862897851,0.582976844280006,0.13213702639073033,-0.00524365199760124,44,0.7139282954647898,True,/Users/sumanchattopadhyay/Documents/Documents - Suman’s MacBook Air/Projects/credit-risk-mlops-lab/outputs_src/models/BNB014.joblib,acceptable_with_supporting_diagnostics,Naive Bayes model; review class-separation behavior and probability calibration.
BNB015,naive_bayes,0.8587268943489348,0.5677284403070025,0.3392129144889752,0.07503884137569573,-0.0052464203836746215,44,0.8264380992257331,True,/Users/sumanchattopadhyay/Documents/Documents - Suman’s MacBook Air/Projects/credit-risk-mlops-lab/outputs_src/models/BNB015.joblib,acceptable_with_supporting_diagnostics,Naive Bayes model; review class-separation behavior and probability calibration.
BNB016,naive_bayes,0.8587268943489348,0.5677284403070025,0.5823626842693899,0.13199496434483404,-0.0052464203836746215,44,0.7141470984092855,True,/Users/sumanchattopadhyay/Documents/Documents - Suman’s MacBook Air/Projects/credit-risk-mlops-lab/outputs_src/models/BNB016.joblib,acceptable_with_supporting_diagnostics,Naive Bayes model; review class-separation behavior and probability calibration.
BNB017,naive_bayes,0.8587562172366305,0.5678222862897851,0.3387978121239509,0.07497097393933332,-0.005248885131116543,44,0.8267501408873033,True,/Users/sumanchattopadhyay/Documents/Documents - Suman’s MacBook Air/Projects/credit-risk-mlops-lab/outputs_src/models/BNB017.joblib,acceptable_with_supporting_diagnostics,Naive Bayes model; review class-separation behavior and probability calibration.
BNB018,naive_bayes,0.8587562172366305,0.5678222862897851,0.5813333270831116,0.1317567674636969,-0.005248885131116543,44,0.7147597393113941,True,/Users/sumanchattopadhyay/Documents/Documents - Suman’s MacBook Air/Projects/credit-risk-mlops-lab/outputs_src/models/BNB018.joblib,acceptable_with_supporting_diagnostics,Naive Bayes model; review class-separation behavior and probability calibration.
WGNB001,naive_bayes,0.8522612772505153,0.5640505999954989,0.8173821074723937,0.09283507991876272,-0.004303722147241951,12,0.6888732007840487,True,/Users/sumanchattopadhyay/Documents/Documents - Suman’s MacBook Air/Projects/credit-risk-mlops-lab/outputs_src/models/WGNB001.joblib,acceptable_with_supporting_diagnostics,Naive Bayes model; review class-separation behavior and probability calibration.
WGNB002,naive_bayes,0.8522612772505153,0.5640505999954989,0.8173821168327582,0.09283508022584269,-0.004303720684300627,12,0.6888732021706025,True,/Users/sumanchattopadhyay/Documents/Documents - Suman’s MacBook Air/Projects/credit-risk-mlops-lab/outputs_src/models/WGNB002.joblib,acceptable_with_supporting_diagnostics,Naive Bayes model; review class-separation behavior and probability calibration.
WGNB003,naive_bayes,0.8522612772505153,0.5640505999954989,0.8173821167530375,0.09283508022307622,-0.004303720684300627,12,0.6888732021972378,True,/Users/sumanchattopadhyay/Documents/Documents - Suman’s MacBook Air/Projects/credit-risk-mlops-lab/outputs_src/models/WGNB003.joblib,acceptable_with_supporting_diagnostics,Naive Bayes model; review class-separation behavior and probability calibration.
WGNB004,naive_bayes,0.8522612772505153,0.5640505999954989,0.817382115939336,0.09283508019541134,-0.004303722147241951,12,0.6888731979661714,True,/Users/sumanchattopadhyay/Documents/Documents - Suman’s MacBook Air/Projects/credit-risk-mlops-lab/outputs_src/models/WGNB004.joblib,acceptable_with_supporting_diagnostics,Naive Bayes model; review class-separation behavior and probability calibration.
WGNB005,naive_bayes,0.8522612772505153,0.5640505999954989,0.8173821074723937,0.09283507991876272,-0.004303722147241951,12,0.6888732007840487,True,/Users/sumanchattopadhyay/Documents/Documents - Suman’s MacBook Air/Projects/credit-risk-mlops-lab/outputs_src/models/WGNB005.joblib,acceptable_with_supporting_diagnostics,Naive Bayes model; review class-separation behavior and probability calibration.
WGNB006,naive_bayes,0.8522612772505153,0.5640505999954989,0.8173820212204657,0.09283507715228174,-0.004303722147241951,12,0.6888732294563965,True,/Users/sumanchattopadhyay/Documents/Documents - Suman’s MacBook Air/Projects/credit-risk-mlops-lab/outputs_src/models/WGNB006.joblib,acceptable_with_supporting_diagnostics,Naive Bayes model; review class-separation behavior and probability calibration.
WGNB007,naive_bayes,0.852261747117537,0.5640505999954989,0.8173811316160339,0.0928350494879978,-0.004303642679786668,12,0.6888747763764942,True,/Users/sumanchattopadhyay/Documents/Documents - Suman’s MacBook Air/Projects/credit-risk-mlops-lab/outputs_src/models/WGNB007.joblib,acceptable_with_supporting_diagnostics,Naive Bayes model; review class-separation behavior and probability calibration.
WGNB008,naive_bayes,0.8522632841401675,0.5640266845604771,0.8173724416908079,0.09283477289771305,-0.004303151334234756,12,0.6888610981248725,True,/Users/sumanchattopadhyay/Documents/Documents - Suman’s MacBook Air/Projects/credit-risk-mlops-lab/outputs_src/models/WGNB008.joblib,acceptable_with_supporting_diagnostics,Naive Bayes model; review class-separation behavior and probability calibration.
WGNB009,naive_bayes,0.8522961270486022,0.5640266845604771,0.8172826473300456,0.0928320122072513,-0.004308896180034161,12,0.6889435898230388,True,/Users/sumanchattopadhyay/Documents/Documents - Suman’s MacBook Air/Projects/credit-risk-mlops-lab/outputs_src/models/WGNB009.joblib,acceptable_with_supporting_diagnostics,Naive Bayes model; review class-separation behavior and probability calibration.
WGNB010,naive_bayes,0.85254792002532,0.5640745154305207,0.8164240898970668,0.09280487000512805,-0.004322269947508062,12,0.6897700498577294,True,/Users/sumanchattopadhyay/Documents/Documents - Suman’s MacBook Air/Projects/credit-risk-mlops-lab/outputs_src/models/WGNB010.joblib,acceptable_with_supporting_diagnostics,Naive Bayes model; review class-separation behavior and probability calibration.
WGNB011,naive_bayes,0.8460581804318352,0.5496786181245932,0.5598474233750188,0.0793698312352022,-0.006204460200800788,3,0.7562904874546061,True,/Users/sumanchattopadhyay/Documents/Documents - Suman’s MacBook Air/Projects/credit-risk-mlops-lab/outputs_src/models/WGNB011.joblib,acceptable_with_supporting_diagnostics,Naive Bayes model; review class-separation behavior and probability calibration.
WGNB012,naive_bayes,0.8548372714321918,0.5689644215257645,0.8091953426208764,0.09280193458077161,-0.003828063097081169,5,0.7109643628046594,True,/Users/sumanchattopadhyay/Documents/Documents - Suman’s MacBook Air/Projects/credit-risk-mlops-lab/outputs_src/models/WGNB012.joblib,acceptable_with_supporting_diagnostics,Naive Bayes model; review class-separation behavior and probability calibration.
WGNB013,naive_bayes,0.8554616848848446,0.5740493781819653,0.8120364355322364,0.0925648152346307,-0.0037371113958131197,8,0.712904266055725,True,/Users/sumanchattopadhyay/Documents/Documents - Suman’s MacBook Air/Projects/credit-risk-mlops-lab/outputs_src/models/WGNB013.joblib,acceptable_with_supporting_diagnostics,Naive Bayes model; review class-separation behavior and probability calibration.
WGNB014,naive_bayes,0.855342370516714,0.5741329508010524,0.8140416568432034,0.09256103280984629,-0.004588980152328559,10,0.7071527796414203,True,/Users/sumanchattopadhyay/Documents/Documents - Suman’s MacBook Air/Projects/credit-risk-mlops-lab/outputs_src/models/WGNB014.joblib,acceptable_with_supporting_diagnostics,Naive Bayes model; review class-separation behavior and probability calibration.
NN001,neural_network,0.8631026066454394,0.5706951966099619,0.17874912596090772,0.04921223003017215,-0.0027281510362719974,17,0.9441926141983261,True,/Users/sumanchattopadhyay/Documents/Documents - Suman’s MacBook Air/Projects/credit-risk-mlops-lab/outputs_src/models/NN001.joblib,acceptable_with_supporting_diagnostics,Neural network model; require model-agnostic interpretability before governance approval.
NN002,neural_network,0.8599075746083925,0.5674417178937196,0.1802495931470745,0.04955674500379781,-0.001899834794290789,17,0.9362973272817019,True,/Users/sumanchattopadhyay/Documents/Documents - Suman’s MacBook Air/Projects/credit-risk-mlops-lab/outputs_src/models/NN002.joblib,acceptable_with_supporting_diagnostics,Neural network model; require model-agnostic interpretability before governance approval.
NN003,neural_network,0.8638150524719618,0.5793117056569489,0.178286842895166,0.04917862843708768,0.001396109609033691,17,0.9576854499252053,True,/Users/sumanchattopadhyay/Documents/Documents - Suman’s MacBook Air/Projects/credit-risk-mlops-lab/outputs_src/models/NN003.joblib,acceptable_with_supporting_diagnostics,Neural network model; require model-agnostic interpretability before governance approval.
NN004,neural_network,0.8600319022187296,0.5665438736898056,0.17960770909265517,0.04937330158959893,-0.0022428926177059383,10,0.9431627486551752,True,/Users/sumanchattopadhyay/Documents/Documents - Suman’s MacBook Air/Projects/credit-risk-mlops-lab/outputs_src/models/NN004.joblib,acceptable_with_supporting_diagnostics,Neural network model; require model-agnostic interpretability before governance approval.
NN005,neural_network,0.8400924779530031,0.5231124641370014,0.18846513300738557,0.05111003432553433,-0.0032162178832156885,17,0.8465995357589563,True,/Users/sumanchattopadhyay/Documents/Documents - Suman’s MacBook Air/Projects/credit-risk-mlops-lab/outputs_src/models/NN005.joblib,acceptable_with_supporting_diagnostics,Neural network model; require model-agnostic interpretability before governance approval.
NN006,neural_network,0.8630927474018305,0.5721579324678765,0.1786934004757243,0.04919820356326746,-0.002827948024531013,17,0.9451978922055586,True,/Users/sumanchattopadhyay/Documents/Documents - Suman’s MacBook Air/Projects/credit-risk-mlops-lab/outputs_src/models/NN006.joblib,acceptable_with_supporting_diagnostics,Neural network model; require model-agnostic interpretability before governance approval.
NN007,neural_network,0.864850583640941,0.5759607494433151,0.1777348013987298,0.04904369790194643,0.0008729414633563692,17,0.9587791981273184,True,/Users/sumanchattopadhyay/Documents/Documents - Suman’s MacBook Air/Projects/credit-risk-mlops-lab/outputs_src/models/NN007.joblib,acceptable_with_supporting_diagnostics,Neural network model; require model-agnostic interpretability before governance approval.
NN008,neural_network,0.8657406392016809,0.5786644837441222,0.1784312682669342,0.04929249495133473,-0.0007716890053802716,17,0.9630384625262081,True,/Users/sumanchattopadhyay/Documents/Documents - Suman’s MacBook Air/Projects/credit-risk-mlops-lab/outputs_src/models/NN008.joblib,acceptable_with_supporting_diagnostics,Neural network model; require model-agnostic interpretability before governance approval.
NN009,neural_network,0.8656408362607243,0.5805446765412328,0.17753698484523395,0.0489939399365723,0.002662348918675672,17,0.9591558386707114,True,/Users/sumanchattopadhyay/Documents/Documents - Suman’s MacBook Air/Projects/credit-risk-mlops-lab/outputs_src/models/NN009.joblib,acceptable_with_supporting_diagnostics,Neural network model; require model-agnostic interpretability before governance approval.
NN010,neural_network,0.8605750167308497,0.5692995959892215,0.1804332926920896,0.049460797537204074,-0.0015004986210239712,17,0.9406215009816162,True,/Users/sumanchattopadhyay/Documents/Documents - Suman’s MacBook Air/Projects/credit-risk-mlops-lab/outputs_src/models/NN010.joblib,acceptable_with_supporting_diagnostics,Neural network model; require model-agnostic interpretability before governance approval.
NN011,neural_network,0.8594999450574138,0.5665287264512404,0.18041492861085617,0.04958614469954651,-0.0019121425579720075,17,0.9344993883652865,True,/Users/sumanchattopadhyay/Documents/Documents - Suman’s MacBook Air/Projects/credit-risk-mlops-lab/outputs_src/models/NN011.joblib,acceptable_with_supporting_diagnostics,Neural network model; require model-agnostic interpretability before governance approval.
NN012,neural_network,0.8595680837394138,0.5683301727210466,0.18040552469825377,0.0495931874741186,-0.0023237520731831385,17,0.9349869391763749,True,/Users/sumanchattopadhyay/Documents/Documents - Suman’s MacBook Air/Projects/credit-risk-mlops-lab/outputs_src/models/NN012.joblib,acceptable_with_supporting_diagnostics,Neural network model; require model-agnostic interpretability before governance approval.
NN013,neural_network,0.8620351165551338,0.5709421396033536,0.17928101684664144,0.0493280096140628,-0.0016315206172058394,17,0.945260270003408,True,/Users/sumanchattopadhyay/Documents/Documents - Suman’s MacBook Air/Projects/credit-risk-mlops-lab/outputs_src/models/NN013.joblib,acceptable_with_supporting_diagnostics,Neural network model; require model-agnostic interpretability before governance approval.
NN014,neural_network,0.8572252869497812,0.5664757111162622,0.18059582597230311,0.04958835490678137,-0.0025798588891774443,5,0.9414168297521361,True,/Users/sumanchattopadhyay/Documents/Documents - Suman’s MacBook Air/Projects/credit-risk-mlops-lab/outputs_src/models/NN014.joblib,acceptable_with_supporting_diagnostics,Neural network model; require model-agnostic interpretability before governance approval.
NN015,neural_network,0.8576411192640208,0.5649296654462388,0.18040774196485299,0.049474092783999425,-0.002215092031736088,5,0.9421809723876409,True,/Users/sumanchattopadhyay/Documents/Documents - Suman’s MacBook Air/Projects/credit-risk-mlops-lab/outputs_src/models/NN015.joblib,acceptable_with_supporting_diagnostics,Neural network model; require model-agnostic interpretability before governance approval.
NN016,neural_network,0.8585723678276412,0.5617495337684748,0.18070927877385287,0.04955731658836794,-0.0028037489898972145,10,0.9335621268425749,True,/Users/sumanchattopadhyay/Documents/Documents - Suman’s MacBook Air/Projects/credit-risk-mlops-lab/outputs_src/models/NN016.joblib,acceptable_with_supporting_diagnostics,Neural network model; require model-agnostic interpretability before governance approval.
NN017,neural_network,0.8590225163621632,0.5656071818361961,0.17990474126393696,0.049347184871828896,-0.0010914493042409878,10,0.9436299417146088,True,/Users/sumanchattopadhyay/Documents/Documents - Suman’s MacBook Air/Projects/credit-risk-mlops-lab/outputs_src/models/NN017.joblib,acceptable_with_supporting_diagnostics,Neural network model; require model-agnostic interpretability before governance approval.
NN018,neural_network,0.8654998920818981,0.5780738131147085,0.1779290892976151,0.04915761773370048,-0.0024167705719879695,12,0.9629883128346187,True,/Users/sumanchattopadhyay/Documents/Documents - Suman’s MacBook Air/Projects/credit-risk-mlops-lab/outputs_src/models/NN018.joblib,acceptable_with_supporting_diagnostics,Neural network model; require model-agnostic interpretability before governance approval.
NN019,neural_network,0.8653814139177893,0.5791170612522313,0.1777633092311294,0.04898871427743874,-0.0019555881559358834,12,0.9652458840884185,True,/Users/sumanchattopadhyay/Documents/Documents - Suman’s MacBook Air/Projects/credit-risk-mlops-lab/outputs_src/models/NN019.joblib,acceptable_with_supporting_diagnostics,Neural network model; require model-agnostic interpretability before governance approval.
T001,tree,0.7967323448382425,0.5234230542022191,0.19347484695248468,0.05178370515765124,0.002167127394254398,17,0.7551690292231892,True,/Users/sumanchattopadhyay/Documents/Documents - Suman’s MacBook Air/Projects/credit-risk-mlops-lab/outputs_src/models/T001.joblib,acceptable_with_feature_importance_review,Tree/boosting model; review feature importance and SHAP when available.
T002,tree,0.8448140402509753,0.5575467962467532,0.18343134994514862,0.05019621773694933,-0.0003550084444622348,17,0.898454194154088,True,/Users/sumanchattopadhyay/Documents/Documents - Suman’s MacBook Air/Projects/credit-risk-mlops-lab/outputs_src/models/T002.joblib,acceptable_with_feature_importance_review,Tree/boosting model; review feature importance and SHAP when available.
T003,tree,0.8534927867687231,0.5712909561381365,0.1816068165324206,0.04986976363703274,0.004199145701634932,17,0.9182867120729548,True,/Users/sumanchattopadhyay/Documents/Documents - Suman’s MacBook Air/Projects/credit-risk-mlops-lab/outputs_src/models/T003.joblib,acceptable_with_feature_importance_review,Tree/boosting model; review feature importance and SHAP when available.
T004,tree,0.844369936276953,0.5557921535106211,0.18383249630147136,0.050315417021205414,-3.8148914694113856e-05,17,0.896707984094866,True,/Users/sumanchattopadhyay/Documents/Documents - Suman’s MacBook Air/Projects/credit-risk-mlops-lab/outputs_src/models/T004.joblib,acceptable_with_feature_importance_review,Tree/boosting model; review feature importance and SHAP when available.
T005,tree,0.8526086045457548,0.5646724013060647,0.18228458128278405,0.05004735468952311,0.004257528985486814,17,0.909971901698079,True,/Users/sumanchattopadhyay/Documents/Documents - Suman’s MacBook Air/Projects/credit-risk-mlops-lab/outputs_src/models/T005.joblib,acceptable_with_feature_importance_review,Tree/boosting model; review feature importance and SHAP when available.
T006,tree,0.8456012666085848,0.5559771935148603,0.4735275308891049,0.15042688241486638,0.0007779020533997816,17,0.7428071731474418,True,/Users/sumanchattopadhyay/Documents/Documents - Suman’s MacBook Air/Projects/credit-risk-mlops-lab/outputs_src/models/T006.joblib,acceptable_with_feature_importance_review,Tree/boosting model; review feature importance and SHAP when available.
T007,tree,0.8521979925337653,0.5683320840445248,0.4655948931818786,0.14837376309894398,0.006370553412048174,17,0.7545640163738766,True,/Users/sumanchattopadhyay/Documents/Documents - Suman’s MacBook Air/Projects/credit-risk-mlops-lab/outputs_src/models/T007.joblib,acceptable_with_feature_importance_review,Tree/boosting model; review feature importance and SHAP when available.
RF001,tree,0.8592154047384353,0.5603600015997778,0.1823626757001077,0.049957281953069484,0.000949848063199088,17,0.9304933311329855,True,/Users/sumanchattopadhyay/Documents/Documents - Suman’s MacBook Air/Projects/credit-risk-mlops-lab/outputs_src/models/RF001.joblib,acceptable_with_feature_importance_review,Tree/boosting model; review feature importance and SHAP when available.
RF002,tree,0.8626828202807542,0.572938015253986,0.17964106644388242,0.04944961278580521,0.0030637966212901935,17,0.9438339781856129,True,/Users/sumanchattopadhyay/Documents/Documents - Suman’s MacBook Air/Projects/credit-risk-mlops-lab/outputs_src/models/RF002.joblib,acceptable_with_feature_importance_review,Tree/boosting model; review feature importance and SHAP when available.
RF003,tree,0.8658102233220615,0.581533356393451,0.17819456161326844,0.04926125942288869,0.009720003312336023,17,0.938304612236474,True,/Users/sumanchattopadhyay/Documents/Documents - Suman’s MacBook Air/Projects/credit-risk-mlops-lab/outputs_src/models/RF003.joblib,acceptable_with_feature_importance_review,Tree/boosting model; review feature importance and SHAP when available.
RF004,tree,0.8621708563594057,0.5725911100426813,0.18057865166031642,0.049800120756460495,0.00235004390977267,17,0.9441065423560686,True,/Users/sumanchattopadhyay/Documents/Documents - Suman’s MacBook Air/Projects/credit-risk-mlops-lab/outputs_src/models/RF004.joblib,acceptable_with_feature_importance_review,Tree/boosting model; review feature importance and SHAP when available.
RF005,tree,0.861833014006927,0.5762635508653589,0.4530174580693693,0.14425156638736789,0.0035044445323275664,17,0.7976873036773099,True,/Users/sumanchattopadhyay/Documents/Documents - Suman’s MacBook Air/Projects/credit-risk-mlops-lab/outputs_src/models/RF005.joblib,acceptable_with_feature_importance_review,Tree/boosting model; review feature importance and SHAP when available.
ET001,tree,0.8401772132938727,0.5239708156195457,0.20181679147176795,0.055094333303648775,-0.0018507241024535714,17,0.8450365048752388,True,/Users/sumanchattopadhyay/Documents/Documents - Suman’s MacBook Air/Projects/credit-risk-mlops-lab/outputs_src/models/ET001.joblib,acceptable_with_feature_importance_review,Tree/boosting model; review feature importance and SHAP when available.
ET002,tree,0.8476100118373041,0.5334434064524465,0.19510189914419349,0.05362726937227787,-0.0009523291324825545,17,0.8752325594142291,True,/Users/sumanchattopadhyay/Documents/Documents - Suman’s MacBook Air/Projects/credit-risk-mlops-lab/outputs_src/models/ET002.joblib,acceptable_with_feature_importance_review,Tree/boosting model; review feature importance and SHAP when available.
ET003,tree,0.8525473824655917,0.5426929219438905,0.1908896183391018,0.052609251006701684,0.000693983976519319,17,0.8968423945325626,True,/Users/sumanchattopadhyay/Documents/Documents - Suman’s MacBook Air/Projects/credit-risk-mlops-lab/outputs_src/models/ET003.joblib,acceptable_with_feature_importance_review,Tree/boosting model; review feature importance and SHAP when available.
ET004,tree,0.8336363059781055,0.5161037842914726,0.203760845516202,0.05587704373219935,0.00012047085265798341,17,0.8282034046774535,True,/Users/sumanchattopadhyay/Documents/Documents - Suman’s MacBook Air/Projects/credit-risk-mlops-lab/outputs_src/models/ET004.joblib,acceptable_with_feature_importance_review,Tree/boosting model; review feature importance and SHAP when available.
ET005,tree,0.8425065710902991,0.5285023007795284,0.5039809711475838,0.16637429304815782,0.0007050596351805272,17,0.6921392706300532,True,/Users/sumanchattopadhyay/Documents/Documents - Suman’s MacBook Air/Projects/credit-risk-mlops-lab/outputs_src/models/ET005.joblib,acceptable_with_feature_importance_review,Tree/boosting model; review feature importance and SHAP when available.
GB001,boosting,0.8672193863756498,0.5883792870448057,0.1766747279519193,0.04874958682720502,0.006967691860736092,17,0.9567156168515465,True,/Users/sumanchattopadhyay/Documents/Documents - Suman’s MacBook Air/Projects/credit-risk-mlops-lab/outputs_src/models/GB001.joblib,acceptable_with_feature_importance_review,Tree/boosting model; review feature importance and SHAP when available.
GB002,boosting,0.8673757445819434,0.587450527183631,0.1765828997775184,0.048756916018175334,0.015187978561192805,17,0.9309447527646808,True,/Users/sumanchattopadhyay/Documents/Documents - Suman’s MacBook Air/Projects/credit-risk-mlops-lab/outputs_src/models/GB002.joblib,acceptable_with_feature_importance_review,Tree/boosting model; review feature importance and SHAP when available.
GB003,boosting,0.8671654432523999,0.5853150532444549,0.17664812901278132,0.04874440499889165,0.007561844364423864,17,0.9520445355781885,True,/Users/sumanchattopadhyay/Documents/Documents - Suman’s MacBook Air/Projects/credit-risk-mlops-lab/outputs_src/models/GB003.joblib,acceptable_with_feature_importance_review,Tree/boosting model; review feature importance and SHAP when available.
GB004,boosting,0.8673145663029433,0.5843366467559322,0.17673824044328626,0.048777660156977605,0.005884416475314014,17,0.9566031204466442,True,/Users/sumanchattopadhyay/Documents/Documents - Suman’s MacBook Air/Projects/credit-risk-mlops-lab/outputs_src/models/GB004.joblib,acceptable_with_feature_importance_review,Tree/boosting model; review feature importance and SHAP when available.
XGB001,boosting,0.8677369807374111,0.5843512205974539,0.1764035602310706,0.04866291955113411,0.0037903362646378724,17,0.9641444699899508,True,/Users/sumanchattopadhyay/Documents/Documents - Suman’s MacBook Air/Projects/credit-risk-mlops-lab/outputs_src/models/XGB001.joblib,acceptable_with_feature_importance_review,Tree/boosting model; review feature importance and SHAP when available.
XGB002,boosting,0.8679456255866069,0.5874768795560874,0.17630419400204517,0.04864112287759781,0.0038323664158497195,17,0.967300596605216,True,/Users/sumanchattopadhyay/Documents/Documents - Suman’s MacBook Air/Projects/credit-risk-mlops-lab/outputs_src/models/XGB002.joblib,acceptable_with_feature_importance_review,Tree/boosting model; review feature importance and SHAP when available.
XGB003,boosting,0.8667064349371711,0.5832589470127136,0.1770661752610975,0.04880017787218094,-0.0009853887869921696,17,0.9692977474903213,True,/Users/sumanchattopadhyay/Documents/Documents - Suman’s MacBook Air/Projects/credit-risk-mlops-lab/outputs_src/models/XGB003.joblib,acceptable_with_feature_importance_review,Tree/boosting model; review feature importance and SHAP when available.
XGB004,boosting,0.8664333904325294,0.5821809366794299,0.17731069900026492,0.04886685311794281,-0.0012897240766217566,17,0.9666934787862907,True,/Users/sumanchattopadhyay/Documents/Documents - Suman’s MacBook Air/Projects/credit-risk-mlops-lab/outputs_src/models/XGB004.joblib,acceptable_with_feature_importance_review,Tree/boosting model; review feature importance and SHAP when available.
LGB001,boosting,0.8671195197239107,0.5831311750381918,0.17652912918524344,0.04871629608781164,0.01506787858063563,17,0.9269478597372015,True,/Users/sumanchattopadhyay/Documents/Documents - Suman’s MacBook Air/Projects/credit-risk-mlops-lab/outputs_src/models/LGB001.joblib,acceptable_with_feature_importance_review,Tree/boosting model; review feature importance and SHAP when available.
LGB002,boosting,0.8659750550624421,0.5828926418681046,0.17700284905346755,0.048807788480402466,0.03252944465695251,17,0.8703329108767383,True,/Users/sumanchattopadhyay/Documents/Documents - Suman’s MacBook Air/Projects/credit-risk-mlops-lab/outputs_src/models/LGB002.joblib,review_required_possible_overfit,Large train-validation AUC gap; review overfitting risk. | Tree/boosting model; review feature importance and SHAP when available.
LGB003,boosting,0.8675357462486176,0.5853123535000417,0.17623227272575243,0.04861135628804562,0.012751515803130498,17,0.937078235158721,True,/Users/sumanchattopadhyay/Documents/Documents - Suman’s MacBook Air/Projects/credit-risk-mlops-lab/outputs_src/models/LGB003.joblib,acceptable_with_feature_importance_review,Tree/boosting model; review feature importance and SHAP when available.
LGB004,boosting,0.8678344104517157,0.5829286464241265,0.17616718543132043,0.04861506931043209,0.010504341728538646,17,0.9425223374126981,True,/Users/sumanchattopadhyay/Documents/Documents - Suman’s MacBook Air/Projects/credit-risk-mlops-lab/outputs_src/models/LGB004.joblib,acceptable_with_feature_importance_review,Tree/boosting model; review feature importance and SHAP when available.
CAT001,boosting,0.8674652821230523,0.5858563400534988,0.17658865644490368,0.04871022162266766,0.0001952139028368327,17,0.9758840325295131,True,/Users/sumanchattopadhyay/Documents/Documents - Suman’s MacBook Air/Projects/credit-risk-mlops-lab/outputs_src/models/CAT001.joblib,acceptable_with_feature_importance_review,Tree/boosting model; review feature importance and SHAP when available.
CAT002,boosting,0.8683594749027379,0.5872307249836307,0.17614518562013318,0.04861625325225907,0.0018988765313004974,17,0.9739840138760633,True,/Users/sumanchattopadhyay/Documents/Documents - Suman’s MacBook Air/Projects/credit-risk-mlops-lab/outputs_src/models/CAT002.joblib,acceptable_with_feature_importance_review,Tree/boosting model; review feature importance and SHAP when available.
CAT003,boosting,0.8675548873568675,0.5848988386655196,0.17645461627789877,0.04864237071847614,-3.859711725018311e-05,17,0.9757876723115556,True,/Users/sumanchattopadhyay/Documents/Documents - Suman’s MacBook Air/Projects/credit-risk-mlops-lab/outputs_src/models/CAT003.joblib,acceptable_with_feature_importance_review,Tree/boosting model; review feature importance and SHAP when available.
CAT004,boosting,0.8673102737889651,0.584584306495628,0.17648466269128918,0.04863425205714622,-0.0004768633591102356,17,0.9736292026568637,True,/Users/sumanchattopadhyay/Documents/Documents - Suman’s MacBook Air/Projects/credit-risk-mlops-lab/outputs_src/models/CAT004.joblib,acceptable_with_feature_importance_review,Tree/boosting model; review feature importance and SHAP when available.
EASTACK001,ensemble,0.8639811225906793,0.574108103595835,0.1822313704660929,0.05042842204187209,-0.003210310818480444,8,0.9562423985820806,True,/Users/sumanchattopadhyay/Documents/Documents - Suman’s MacBook Air/Projects/credit-risk-mlops-lab/outputs_src/ensemble/models/EASTACK001.joblib,review_required_high_complexity,"Ensemble model; review base-model contribution, dominance, and incremental value."
WASTACK001,ensemble,0.8640286747260488,0.5736428157865954,0.1827083016330172,0.0506290379799126,-0.003145073101609386,8,0.9558521463341877,True,/Users/sumanchattopadhyay/Documents/Documents - Suman’s MacBook Air/Projects/credit-risk-mlops-lab/outputs_src/ensemble/models/WASTACK001.joblib,review_required_high_complexity,"Ensemble model; review base-model contribution, dominance, and incremental value."
WASTACK002,ensemble,0.8640230442856357,0.573687899129139,0.1828072432442564,0.05067971526729009,-0.003130945897832471,8,0.9558605527123585,True,/Users/sumanchattopadhyay/Documents/Documents - Suman’s MacBook Air/Projects/credit-risk-mlops-lab/outputs_src/ensemble/models/WASTACK002.joblib,review_required_high_complexity,"Ensemble model; review base-model contribution, dominance, and incremental value."
WASTACK003,ensemble,0.8647381659650277,0.5743236053180091,0.1783698163899725,0.04906372578819292,-0.0025160344484203012,8,0.9622723752899431,True,/Users/sumanchattopadhyay/Documents/Documents - Suman’s MacBook Air/Projects/credit-risk-mlops-lab/outputs_src/ensemble/models/WASTACK003.joblib,review_required_high_complexity,"Ensemble model; review base-model contribution, dominance, and incremental value."
WASTACK004,ensemble,0.8683594749027379,0.5872307249836307,0.1761451856201332,0.04861625325225907,0.0018988765313004974,8,0.984449130155133,True,/Users/sumanchattopadhyay/Documents/Documents - Suman’s MacBook Air/Projects/credit-risk-mlops-lab/outputs_src/ensemble/models/WASTACK004.joblib,review_required_high_complexity,"Ensemble model; review base-model contribution, dominance, and incremental value."
RASTACK001,ensemble,0.8583018598085322,0.5607729430372563,0.8117981740626471,0.2829776699312712,-0.0027640199688291345,8,0.5883279762176037,True,/Users/sumanchattopadhyay/Documents/Documents - Suman’s MacBook Air/Projects/credit-risk-mlops-lab/outputs_src/ensemble/models/RASTACK001.joblib,review_required_high_complexity,"Ensemble model; review base-model contribution, dominance, and incremental value."
LRSTACK001,ensemble,0.8658775058904202,0.5813257388806248,0.1814081213471374,0.0497544627699899,0.0016139019112370034,8,0.9723589784772314,True,/Users/sumanchattopadhyay/Documents/Documents - Suman’s MacBook Air/Projects/credit-risk-mlops-lab/outputs_src/ensemble/models/LRSTACK001.joblib,review_required_high_complexity,"Ensemble model; review base-model contribution, dominance, and incremental value."
RIDGESTACK001,ensemble,0.8659956336452246,0.5811982774961681,0.1800601749288365,0.04910446171594864,-0.0006725141256168632,8,0.9762320695815302,True,/Users/sumanchattopadhyay/Documents/Documents - Suman’s MacBook Air/Projects/credit-risk-mlops-lab/outputs_src/ensemble/models/RIDGESTACK001.joblib,review_required_high_complexity,"Ensemble model; review base-model contribution, dominance, and incremental value."
LASSOSTACK001,ensemble,0.8661484997042467,0.5817065700836687,0.1811564135287663,0.04960492554480642,0.0011259509692492786,8,0.9749562001691358,True,/Users/sumanchattopadhyay/Documents/Documents - Suman’s MacBook Air/Projects/credit-risk-mlops-lab/outputs_src/ensemble/models/LASSOSTACK001.joblib,review_required_high_complexity,"Ensemble model; review base-model contribution, dominance, and incremental value."
RFSTACK001,ensemble,0.8659878410201267,0.5865005516318474,0.1772455677811247,0.04874128453056175,8.442735800895385e-05,8,0.9838741431097457,True,/Users/sumanchattopadhyay/Documents/Documents - Suman’s MacBook Air/Projects/credit-risk-mlops-lab/outputs_src/ensemble/models/RFSTACK001.joblib,review_required_high_complexity,"Ensemble model; review base-model contribution, dominance, and incremental value."
NNSTACK001,ensemble,0.8661852926812031,0.5822986980972344,0.180564460510052,0.04954633217849919,0.0012521837875681952,8,0.9753978506643474,True,/Users/sumanchattopadhyay/Documents/Documents - Suman’s MacBook Air/Projects/credit-risk-mlops-lab/outputs_src/ensemble/models/NNSTACK001.joblib,review_required_high_complexity,"Ensemble model; review base-model contribution, dominance, and incremental value."
XGBSTACK001,ensemble,0.8686650079245861,0.5882830041245883,0.1761814919121256,0.04868342727422714,0.0029463828539344483,8,0.9827661596088596,True,/Users/sumanchattopadhyay/Documents/Documents - Suman’s MacBook Air/Projects/credit-risk-mlops-lab/outputs_src/ensemble/models/XGBSTACK001.joblib,review_required_high_complexity,"Ensemble model; review base-model contribution, dominance, and incremental value."
